;index;yield;price;bidask spread;du;coupon;duration;modified duration;dv01;pnl;vna;volume;open interest;convexity;maturity;bond code;reference date
0;0;0.0986404337815638;910.215908;2.0824289999999337;252;0;1.0;0.9102159155412053;-0.08284930060403894;0.30498099999999795;1000.0;2860634;;0.8284930010667929;2025-01-02;BRSTNCLTN7N2;2024-01-02
1;1;0.09720152562409254;830.667453;1.6723630000000185;504;0;2.0;1.8228192237643495;-0.15141566018837693;-0.29708900000002814;1000.0;1194376;;2.492002402954362;2026-01-02;BRSTNCLTN7U7;2024-01-02
2;2;0.10670249249187418;951.718986;0.846313999999893;123;0;0.4880952380952381;0.44103563863447726;-0.04197419907910671;0.5303380000000288;1000.0;3362043;;0.2965128426418662;2024-07-01;BRSTNCLTN7W3;2024-01-02
3;3;0.11267377030936286;974.899922;0.297390000000064;60;0;0.23809523809523808;0.21398476834568927;-0.020861373396940053;0.4599240000000009;1000.0;1808088;;0.11905265841462134;2024-04-01;BRSTNCLTN7Y9;2024-01-02
4;4;0.09798767033028785;870.458778;0.790881000000013;374;0;1.4841269841269842;1.3516791144571834;-0.1176580950218522;-0.0732069999999112;1000.0;734705;;1.5290438403616284;2025-07-01;BRSTNCLTN7Z6;2024-01-02
5;5;0.10163206906191599;929.977781;1.6341469999999845;189;0;0.75;0.6808080719681372;-0.06331363800558165;0.7959160000000338;1000.0;4363223;;0.5407495591480349;2024-10-01;BRSTNCLTN822;2024-01-02
6;6;0.09880266592450737;889.55976;0.30266900000003716;313;0;1.242063492063492;1.130379041732948;-0.10055397090729912;0.02478099999996175;1000.0;1968722;;1.1532469108542687;2025-04-01;BRSTNCLTN830;2024-01-02
7;7;0.09799069198849095;792.77104;0.8802309999999807;626;0;2.484126984126984;2.262429960404504;-0.17935889526370374;-0.44447700000000623;1000.0;382485;;3.589553761510059;2026-07-01;BRSTNCLTN848;2024-01-02
8;8;0.09757669825491389;849.961822;1.3549580000000105;440;0;1.746031746031746;1.590806158409757;-0.13521245008507776;-0.08072000000004209;1000.0;1164000;;1.9900223142508946;2025-10-01;BRSTNCLTN863;2024-01-02
9;9;0.09980829953629194;718.413134;1.6144409999999425;876;0;3.4761904761904763;3.160724096255419;-0.22707057037001732;-0.7060910000000149;1000.0;315509;;6.432031356280946;2027-07-01;BRSTNCLTN871;2024-01-02
10;0;0.09903476686987676;910.230351;1.4260229999999865;251;0;0.996031746031746;0.9062786585782827;-0.08249223415015194;0.014443000000028405;1000.0;6428104;;0.822977130932233;2025-01-02;BRSTNCLTN7N2;2024-01-03
11;1;0.09735225199610544;830.745476;1.4545120000000225;503;0;1.996031746031746;1.8189526430566831;-0.15110866792775823;0.07802300000003015;1000.0;680715;;2.483085918612347;2026-01-02;BRSTNCLTN7U7;2024-01-03
12;2;0.1070196822126904;951.969879;0.8822329999999283;122;0;0.48412698412698413;0.43732464231057094;-0.04163198868241125;0.25089300000001913;1000.0;1933282;;0.29314983088803814;2024-07-01;BRSTNCLTN7W3;2024-01-03
13;3;0.1130185162690087;975.242313;0.4807869999999639;59;0;0.23412698412698413;0.21035318062803865;-0.02051453224225952;0.34239100000002054;1000.0;1071001;;0.11662095312248932;2024-04-01;BRSTNCLTN7Y9;2024-01-03
14;4;0.09806964147624694;870.685519;1.224552000000017;373;0;1.4801587301587302;1.3479643657752658;-0.11736530534085432;0.22674099999994723;1000.0;1301486;;1.5222921533212674;2025-07-01;BRSTNCLTN7Z6;2024-01-03
15;5;0.10210075612207799;930.039876;1.5885110000000395;188;0;0.746031746031746;0.6769179195233911;-0.06295606579357127;0.062094999999999345;1000.0;1551442;;0.5362123831716571;2024-10-01;BRSTNCLTN822;2024-01-03
16;6;0.09899639538104256;889.698208;0.9661710000000312;312;0;1.2380952380952381;1.1265689821333726;-0.10023064045924457;0.13844800000003943;1000.0;7482134;;1.1471232802763076;2025-04-01;BRSTNCLTN830;2024-01-03
17;7;0.09811917759071961;792.83506;1.6513629999999466;625;0;2.4801587301587302;2.2585515618327263;-0.17906588630387432;0.06402000000002772;1000.0;1112599;;3.5789002113761446;2026-07-01;BRSTNCLTN848;2024-01-03
18;8;0.09776068162683564;850.027672;1.4002169999999978;439;0;1.742063492063492;1.586924678548444;-0.13489298901458824;0.06585000000006858;1000.0;4836188;;1.981965782120614;2025-10-01;BRSTNCLTN863;2024-01-03
19;9;0.10000868612247182;718.229917;2.067717000000016;875;0;3.4722222222222223;3.156540837428304;-0.22671220636732414;-0.18321700000001329;1000.0;4651449;;6.41665475528929;2027-07-01;BRSTNCLTN871;2024-01-03
20;0;0.09986803999845521;909.88712;1.1560150000000249;250;0;0.9920634920634921;0.9019841145764961;-0.0820703728297758;-0.3432310000000598;1000.0;59634;;0.8168296263251027;2025-01-02;BRSTNCLTN7N2;2024-01-04
21;1;0.09771844964664118;830.499604;1.1041400000000294;502;0;1.992063492063492;1.814730840718927;-0.1507133244583656;-0.2458720000000767;1000.0;397030;;2.473216103432422;2026-01-02;BRSTNCLTN7U7;2024-01-04
22;2;0.10755299078216153;952.133819;1.195408000000043;121;0;0.4801587301587302;0.4335311597274651;-0.04127796787668103;0.16394000000002507;1000.0;481565;;0.2896904121559412;2024-07-01;BRSTNCLTN7W3;2024-01-04
23;3;0.11387823350735224;975.483416;0.6063440000000355;58;0;0.23015873015873015;0.20662826876694684;-0.02015624494589474;0.24110300000006646;1000.0;1034600;;0.11409936701108755;2024-04-01;BRSTNCLTN7Y9;2024-01-04
24;4;0.09838429983752163;870.640501;0.8808060000000069;372;0;1.4761904761904763;1.3439653989922615;-0.11701107083052875;-0.045018000000027314;1000.0;3905970;;1.5149134687890706;2025-07-01;BRSTNCLTN7Z6;2024-01-04
25;5;0.10272340191174804;930.008875;1.1652890000000298;187;0;0.7420634920634921;0.6729371079231579;-0.06258374826853697;-0.03100100000006023;1000.0;992030;;0.5315472355583569;2024-10-01;BRSTNCLTN822;2024-01-04
26;6;0.09923228535007961;889.795837;0.25074100000006183;311;0;1.2341269841269842;1.122717202641559;-0.09989890930387446;0.09762899999998353;1000.0;4900450;;1.140929376141235;2025-04-01;BRSTNCLTN830;2024-01-04
27;7;0.09847906988511129;792.486307;2.803242999999952;624;0;2.4761904761904763;2.2541990988406497;-0.17864219190829544;-0.3487529999999879;1000.0;3177965;;3.566761369307137;2026-07-01;BRSTNCLTN848;2024-01-04
28;8;0.09799980765598634;850.020497;3.34815100000003;438;0;1.7380952380952381;1.5829649974421942;-0.13455526938594176;-0.0071750000000747605;1000.0;13250500;;1.9737293674366712;2025-10-01;BRSTNCLTN863;2024-01-04
29;9;0.10042934958606364;717.549484;3.560021000000006;874;0;3.4682539682539684;3.151728083408486;-0.22615208599580683;-0.6804329999999936;1000.0;4919867;;6.398739492480657;2027-07-01;BRSTNCLTN871;2024-01-04
30;0;0.10053563206746911;909.685304;0.739327000000003;249;0;0.9880952380952381;0.8978312172563464;-0.08167438638105295;-0.201816000000008;1000.0;85283;;0.8109569232725918;2025-01-02;BRSTNCLTN7N2;2024-01-05
31;1;0.09761863754102279;830.957132;2.096593000000098;501;0;1.9880952380952381;1.8112805330537787;-0.1505096476993799;0.4575280000000248;1000.0;0;;2.4654641003826545;2026-01-02;BRSTNCLTN7U7;2024-01-05
32;2;0.10801888905224982;952.329121;0.7276920000000473;120;0;0.47619047619047616;0.42976747351373445;-0.04092800802857255;0.19530199999996967;1000.0;355693;;0.286285121246555;2024-07-01;BRSTNCLTN7W3;2024-01-05
33;3;0.11426871873463297;975.823614;0.8625880000000734;57;0;0.2261904761904762;0.2029945498921195;-0.019808687529803137;0.3401979999999867;1000.0;3947678;;0.11169207531735068;2024-04-01;BRSTNCLTN7Y9;2024-01-05
34;4;0.09840811261185002;870.936974;1.113083999999958;371;0;1.4722222222222223;1.3403235307622818;-0.11673373200630976;0.29647299999999177;1000.0;788211;;1.5083545170004045;2025-07-01;BRSTNCLTN7Z6;2024-01-05
35;5;0.10336221769196664;929.972203;1.660959000000048;186;0;0.7380952380952381;0.6689509855142274;-0.06221058216976871;-0.036671999999953186;1000.0;5068033;;0.526889769739384;2024-10-01;BRSTNCLTN822;2024-01-05
36;6;0.09937786881202414;889.984967;0.24985199999991892;310;0;1.2301587301587302;1.1189589833606177;-0.0995856673880553;0.18912999999997737;1000.0;4132208;;1.1349401302609303;2025-04-01;BRSTNCLTN830;2024-01-05
37;7;0.09835311361878106;793.00652;2.1283620000000383;623;0;2.4722222222222223;2.2508446915917584;-0.17849345159396535;0.5202130000000125;1000.0;456818;;3.5577961339392656;2026-07-01;BRSTNCLTN848;2024-01-05
38;8;0.0979201418710377;850.442907;0.9220890000000281;437;0;1.7341269841269842;1.579465520762758;-0.13432452489837488;0.4224100000000135;1000.0;4049800;;1.9666545762846313;2025-10-01;BRSTNCLTN863;2024-01-05
39;9;0.10041046356866795;717.864715;3.5551309999999603;873;0;3.4642857142857144;3.1481760173146522;-0.2259964479439418;0.3152310000000398;1000.0;3197477;;6.3859611966694;2027-07-01;BRSTNCLTN871;2024-01-05
40;10;0.09809850768334842;811.640009;0.0;562;0;2.2301587301587302;2.03092778716746;-0.1648382247454947;0.0;1000.0;0;;2.9870813296920367;2026-04-01;BRSTNCLTN8B5;2024-01-05
41;11;0.10175654846326093;680.497421;0.6966800000000148;1001;0;3.9722222222222223;3.6053540046716557;-0.24534341019710837;0.0;1000.0;0;;8.13547290143139;2028-01-03;BRSTNCLTN897;2024-01-05
42;12;0.10506264548820231;552.190577;0.0;1498;0;5.944444444444445;5.379283171188292;-0.29703894781448525;0.0;1000.0;0;;16.90226891408578;2030-01-02;BRSTNCLTN8A7;2024-01-05
43;0;0.10072415364945705;909.877796;0.735847999999919;248;0;0.9841269841269841;0.8940723149201222;-0.08134965473641387;0.19249200000001565;1000.0;1913804;;0.8058117912315467;2025-01-02;BRSTNCLTN7N2;2024-01-08
44;1;0.09803495257002216;830.639102;1.4158300000000281;500;0;1.9841269841269842;1.8069798344018355;-0.15009481069796493;-0.3180300000000216;1000.0;1510925;;2.45541238259876;2026-01-02;BRSTNCLTN7U7;2024-01-08
45;2;0.10812871840580364;952.672243;0.5946390000000292;119;0;0.4722222222222222;0.42614383754534846;-0.04059754055549547;0.34312199999999393;1000.0;994075;;0.28308010837381026;2024-07-01;BRSTNCLTN7W3;2024-01-08
46;3;0.1141447132686575;976.266827;0.1926500000000715;56;0;0.2222222222222222;0.19945543912371608;-0.019472172868120197;0.4432130000000143;1000.0;2059620;;0.10940179095962996;2024-04-01;BRSTNCLTN7Y9;2024-01-08
47;4;0.09869671000855766;870.925432;0.8762580000000071;370;0;1.4682539682539681;1.3363596816719439;-0.11638696330675202;-0.011541999999963082;1000.0;628400;;1.5010853554117702;2025-07-01;BRSTNCLTN7Z6;2024-01-08
48;5;0.10349411432550958;930.25363;0.25524699999994027;185;0;0.7341269841269841;0.6652749474255262;-0.061887443479065496;0.28142700000000787;1000.0;848800;;0.5227355639772533;2024-10-01;BRSTNCLTN822;2024-01-08
49;6;0.09964489154485398;890.054551;0.6577429999999822;309;0;1.2261904761904763;1.1150786020044667;-0.09924807844367933;0.06958399999996345;1000.0;2848422;;1.1287177208282386;2025-04-01;BRSTNCLTN830;2024-01-08
50;7;0.09884524299116658;792.425133;1.8910339999999906;622;0;2.4682539682539684;2.246225332289295;-0.1779965407687314;-0.5813870000000634;1000.0;1293834;;3.544848516955258;2026-07-01;BRSTNCLTN848;2024-01-08
51;8;0.09824448980448428;850.323561;0.2014840000000504;436;0;1.7301587301587302;1.5753857821257131;-0.13395876482059066;-0.11934599999995044;1000.0;3460000;;1.9581492437838526;2025-10-01;BRSTNCLTN863;2024-01-08
52;9;0.10087318239124055;717.093389;2.2582289999999148;872;0;3.4603174603174605;3.1432481339097693;-0.22540024568132822;-0.7713260000000446;1000.0;2849100;;6.367620102560799;2027-07-01;BRSTNCLTN871;2024-01-08
53;10;0.09854369853595814;811.209135;0.0;561;0;2.2261904761904763;2.0264924564256943;-0.16439091926611127;-0.4308740000000171;1000.0;0;;2.975689868865561;2026-04-01;BRSTNCLTN8B5;2024-01-08
54;11;0.1022481936421799;679.555012;0.6966800000000148;1000;0;3.9682539682539684;3.600145731745322;-0.24464970759379412;-0.9424089999999978;1000.0;0;;8.11361642182214;2028-01-03;BRSTNCLTN897;2024-01-08
55;12;0.10551502690362914;551.068051;0.0;1497;0;5.940476190476191;5.373492437732815;-0.2961160004724661;-1.1225259999999935;1000.0;0;;16.867520759346142;2030-01-02;BRSTNCLTN8A7;2024-01-08
56;0;0.10108746979435587;909.929987;0.4967060000000174;247;0;0.9801587301587301;0.8901733649660523;-0.08099954384113062;0.05219099999999344;1000.0;1103800;;0.8004289387745495;2025-01-02;BRSTNCLTN7N2;2024-01-09
57;1;0.0986386830401594;830.043475;1.4634150000000545;499;0;1.9801587301587302;1.8023748782796425;-0.14960495072199365;-0.5956270000000359;1000.0;3321438;;2.444554005561444;2026-01-02;BRSTNCLTN7U7;2024-01-09
58;2;0.10816703264687337;953.045041;0.333391000000006;118;0;0.46825396825396826;0.4225481870168208;-0.04027074542199216;0.37279799999998886;1000.0;1554790;;0.2799253383801465;2024-07-01;BRSTNCLTN7W3;2024-01-09
59;3;0.11404234469234259;976.705241;0.042940000000044165;55;0;0.21825396825396826;0.195911735388966;-0.019134801872780827;0.4384139999999661;1000.0;3805772;;0.1071190234861911;2024-04-01;BRSTNCLTN7Y9;2024-01-09
60;4;0.09925210580220616;870.606292;1.3748699999999872;369;0;1.4642857142857142;1.3320745294296477;-0.11597124667343905;-0.3191399999999476;1000.0;2391678;;1.4931116282841566;2025-07-01;BRSTNCLTN7Z6;2024-01-09
61;5;0.1036652860218549;930.511856;0.8731609999999819;184;0;0.7301587301587301;0.6615762442883084;-0.06156045389582232;0.25822599999992235;1000.0;1023424;;0.5185593539835727;2024-10-01;BRSTNCLTN822;2024-01-09
62;6;0.10014977076605955;889.890711;0.5460520000000315;308;0;1.2222222222222223;1.1109598590914345;-0.09886328588993365;-0.16383999999993648;1000.0;3945776;;1.1220289012623208;2025-04-01;BRSTNCLTN830;2024-01-09
63;7;0.09945558384209853;791.637591;1.513783999999987;621;0;2.4642857142857144;2.241369094914929;-0.1774352030840305;-0.7875419999999167;1000.0;124314;;3.5311762850847677;2026-07-01;BRSTNCLTN848;2024-01-09
64;8;0.09880643917645207;849.889026;1.5196849999999813;435;0;1.7261904761904763;1.5709686791776618;-0.13351490406228095;-0.43453500000009626;1000.0;14750086;;1.9488236134753867;2025-10-01;BRSTNCLTN863;2024-01-09
65;9;0.10140398888249251;716.172675;2.707802000000015;871;0;3.4563492063492065;3.1381303833203877;-0.22474432311213377;-0.9207139999999754;1000.0;10757429;;6.348535534808618;2027-07-01;BRSTNCLTN871;2024-01-09
66;10;0.09915020907320478;810.516981;0.0;560;0;2.2222222222222223;2.0217639460121823;-0.1638674009816441;-0.6921539999999595;1000.0;0;;2.9634588025587023;2026-04-01;BRSTNCLTN8B5;2024-01-09
67;11;0.10269479118424057;678.726755;0.6966800000000148;999;0;3.9642857142857144;3.5950889646561754;-0.24400830669173956;-0.8282570000000078;1000.0;0;;8.092469786503061;2028-01-03;BRSTNCLTN897;2024-01-09
68;12;0.1058062903330893;550.425996;0.0;1496;0;5.936507936507937;5.368488526236851;-0.2954955644068491;-0.6420549999999139;1000.0;0;;16.837742162464334;2030-01-02;BRSTNCLTN8A7;2024-01-09
69;0;0.10126599181316343;910.133722;0.8835820000000467;246;0;0.9761904761904762;0.8864257058147262;-0.08067659269096339;0.2037350000000515;1000.0;502065;;0.7953328410572987;2025-01-02;BRSTNCLTN7N2;2024-01-10
70;1;0.098896662566692;829.968203;0.9133429999999407;498;0;1.9761904761904763;1.7983406227460559;-0.1492565535042445;-0.07527199999992717;1000.0;2000538;;2.4352627555293207;2026-01-02;BRSTNCLTN7U7;2024-01-10
71;2;0.10793900155502377;953.524654;0.25202999999999065;117;0;0.4642857142857143;0.4190535001556161;-0.03995778437433728;0.4796130000000858;1000.0;194491;;0.2769168908242332;2024-07-01;BRSTNCLTN7W3;2024-01-10
72;3;0.11377801852582728;977.173587;0.134249000000068;54;0;0.21428571428571427;0.19239535301895264;-0.018800365723166124;0.4683459999999968;1000.0;13849031;;0.10487858193735135;2024-04-01;BRSTNCLTN7Y9;2024-01-10
73;4;0.09952066441346424;870.62265;1.9295420000000831;368;0;1.4603174603174602;1.3281400930006357;-0.115630884733946;0.016357999999968342;1000.0;2826606;;1.4859412730190609;2025-07-01;BRSTNCLTN7Z6;2024-01-10
74;5;0.10359607017730194;930.918541;0.06779199999994034;183;0;0.7261904761904762;0.6580219887429323;-0.061256486970648893;0.4066850000000386;1000.0;667332;;0.5146227571657824;2024-10-01;BRSTNCLTN822;2024-01-10
75;6;0.10043789835087201;889.943873;0.504758000000038;307;0;1.2182539682539681;1.1070629083990124;-0.09852238523552614;0.05316200000004301;1000.0;1150488;;1.1158043100876525;2025-04-01;BRSTNCLTN830;2024-01-10
76;7;0.09965821130833902;791.576527;3.826677000000018;620;0;2.4603174603174605;2.2373474661261916;-0.17710317369284212;-0.06106399999998757;1000.0;464807;;3.5201540052156397;2026-07-01;BRSTNCLTN848;2024-01-10
77;8;0.09909771729652644;849.818854;0.41412900000000263;434;0;1.7222222222222223;1.5669418826238932;-0.13316167549760394;-0.07017199999995682;1000.0;10300000;;1.9404844302502497;2025-10-01;BRSTNCLTN863;2024-01-10
78;9;0.10143616941897358;716.374956;5.076847000000043;870;0;3.4523809523809526;3.13443589686152;-0.2245431377698992;0.20228099999997085;1000.0;3364186;;6.335229847390237;2027-07-01;BRSTNCLTN871;2024-01-10
79;10;0.09935594135244263;810.484551;0.0;559;0;2.2182539682539684;2.0177759780691735;-0.163537625760398;-0.032429999999976644;1000.0;0;;2.9534181414906655;2026-04-01;BRSTNCLTN8B5;2024-01-10
80;11;0.10267487720420605;679.038665;0.7673569999999472;998;0;3.9603174603174605;3.5915551380402415;-0.24388048062087364;0.3119100000000117;1000.0;0;;8.078198662611445;2028-01-03;BRSTNCLTN897;2024-01-10
81;12;0.10565222655434285;551.101067;0.0;1495;0;5.932539682539683;5.365647519888175;-0.29570140733562766;0.675070999999889;1000.0;0;;16.821547709181964;2030-01-02;BRSTNCLTN8A7;2024-01-10
82;0;0.10095133711920547;910.735158;0.8159480000000485;245;0;0.9722222222222222;0.8830746621398784;-0.08042471419497588;0.6014359999999215;1000.0;60776;;0.7909611362342152;2025-01-02;BRSTNCLTN7N2;2024-01-11
83;1;0.09841802805892051;830.99255;1.6578339999999798;497;0;1.9722222222222223;1.7955115484571393;-0.1492056720206847;1.0243470000000343;1000.0;5181590;;2.4292478703185565;2026-01-02;BRSTNCLTN7U7;2024-01-11
84;2;0.10742740588461977;954.115407;0.19602499999996326;116;0;0.4603174603174603;0.41566378086602696;-0.03965912174561481;0.5907529999999497;1000.0;48809;;0.2740590912445198;2024-07-01;BRSTNCLTN7W3;2024-01-11
85;3;0.11311987778010532;977.713063;0.20732999999995627;53;0;0.21031746031746032;0.18894412477311043;-0.0184733138967772;0.539476000000036;1000.0;11525356;;0.1027213424499193;2024-04-01;BRSTNCLTN7Y9;2024-01-11
86;4;0.0991392976315032;871.390621;1.6210839999999962;367;0;1.4563492063492063;1.3249905872522556;-0.11545843706448977;0.7679709999999886;1000.0;2103400;;1.480540066233621;2025-07-01;BRSTNCLTN7Z6;2024-01-11
87;5;0.10357416829552704;931.296105;0.16553799999996954;182;0;0.7222222222222222;0.6544392281050947;-0.06094767040934812;0.37756400000000667;1000.0;4452214;;0.5106542962928818;2024-10-01;BRSTNCLTN822;2024-01-11
88;6;0.10010181267516317;890.612211;0.7396079999999756;306;0;1.2142857142857142;1.1037939509181114;-0.09830523711156047;0.6683379999999488;1000.0;1429268;;1.110858623968674;2025-04-01;BRSTNCLTN830;2024-01-11
89;7;0.09926278427369714;792.574876;6.8898980000000165;619;0;2.4563492063492065;2.2345423621144245;-0.1771042135569587;0.998348999999962;1000.0;2839801;;3.5129719592471513;2026-07-01;BRSTNCLTN848;2024-01-11
90;8;0.09866216950157146;850.716736;0.4666700000000219;433;0;1.7182539682539681;1.563951176221829;-0.1330479439898795;0.8978819999999814;1000.0;7143700;;1.934724166089811;2025-10-01;BRSTNCLTN863;2024-01-11
91;9;0.10111690744439383;717.366455;3.2052300000000287;869;0;3.4484126984126986;3.1317408623868306;-0.22466058404290834;0.9914989999999761;1000.0;2011226;;6.325974863828726;2027-07-01;BRSTNCLTN871;2024-01-11
92;10;0.09891541163014515;811.509139;0.0;558;0;2.2142857142857144;2.0149737934992094;-0.16351696482701072;1.0245879999999943;1000.0;0;;2.9468607611924273;2026-04-01;BRSTNCLTN8B5;2024-01-11
93;11;0.10241069483449672;679.946359;0.0;997;0;3.9563492063492065;3.588816205304085;-0.24402025119167092;0.9076939999999922;1000.0;0;;8.067513424115544;2028-01-03;BRSTNCLTN897;2024-01-11
94;12;0.10541810407534441;552.013378;0.0;1494;0;5.928571428571429;5.363194117101255;-0.29605549014507915;0.9123110000000452;1000.0;0;;16.80779082468786;2030-01-02;BRSTNCLTN8A7;2024-01-11
95;0;0.10048500893007056;911.456613;0.8449679999999944;244;0;0.9682539682539683;0.879842949410634;-0.08019386746417467;0.7214549999999917;1000.0;307338;;0.7868141409340326;2025-01-02;BRSTNCLTN7N2;2024-01-12
96;1;0.09741323451074764;832.80094;2.613880999999992;496;0;1.9682539682539681;1.7935395149865854;-0.14936613940079724;1.8083899999999176;1000.0;2300559;;2.425558843210524;2026-01-02;BRSTNCLTN7U7;2024-01-12
97;2;0.10735503783444328;954.530291;0.2660110000000486;115;0;0.45634920634920634;0.41210740275423596;-0.039336899907425504;0.4148840000000291;1000.0;2748244;;0.2709936292235922;2024-07-01;BRSTNCLTN7W3;2024-01-12
98;3;0.11310312645000503;978.131976;0.15549699999996847;52;0;0.20634920634920634;0.1853819310936488;-0.018132799457532656;0.418912999999975;1000.0;7373269;;0.100455803543536;2024-04-01;BRSTNCLTN7Y9;2024-01-12
99;4;0.09826044787991092;872.730863;1.5020990000000438;366;0;1.4523809523809523;1.322437653297159;-0.11541321544257244;1.3402419999999893;1000.0;5183800;;1.476480789971512;2025-07-01;BRSTNCLTN7Z6;2024-01-12
100;5;0.103356115377109;931.792637;0.48786600000005365;181;0;0.7182539682539683;0.6509720323628366;-0.06065709466486169;0.49653200000000197;1000.0;2312758;;0.5068786380101882;2024-10-01;BRSTNCLTN822;2024-01-12
101;6;0.09943052834153028;891.607889;0.9836500000000115;305;0;1.2103174603174602;1.1008585272059146;-0.09815341475297146;0.9956779999999981;1000.0;688962;;1.1065941704161089;2025-04-01;BRSTNCLTN830;2024-01-12
102;7;0.09822922876842219;794.703758;2.055655999999999;618;0;2.4523809523809526;2.23303199391542;-0.17745989172988175;2.128881999999976;1000.0;320328;;3.5098670135445587;2026-07-01;BRSTNCLTN848;2024-01-12
103;8;0.09769728288094882;852.317245;2.097451000000092;432;0;1.7142857142857142;1.561710833173824;-0.13310730748173683;1.6005089999999882;1000.0;7100500;;1.9308280418439512;2025-10-01;BRSTNCLTN863;2024-01-12
104;9;0.10020089274047098;719.700864;3.5530430000000024;868;0;3.4444444444444446;3.130741469073418;-0.22531973402527683;2.3344090000000506;1000.0;518988;;6.323575321669182;2027-07-01;BRSTNCLTN871;2024-01-12
105;10;0.0979097726978598;813.457417;0.0;557;0;2.2103174603174605;2.013205052558559;-0.16376565819456346;1.9482779999999593;1000.0;0;;2.9433326448925627;2026-04-01;BRSTNCLTN8B5;2024-01-12
106;11;0.10153383804156672;682.35209;0.7319320000000289;996;0;3.9523809523809526;3.5880705393866976;-0.24483274316179404;2.405730999999946;1000.0;0;;8.065794902397236;2028-01-03;BRSTNCLTN897;2024-01-12
107;12;0.10463057395972826;554.569617;0.0;1493;0;5.924603174603175;5.36342534623753;-0.2974392740071039;2.556239000000005;1000.0;0;;16.810865116080823;2030-01-02;BRSTNCLTN8A7;2024-01-12
108;0;0.10038130532933229;911.885862;0.48961099999996804;243;0;0.9642857142857143;0.8763196151592547;-0.07991034676570052;0.4292490000000271;1000.0;1346350;;0.782157099143003;2025-01-02;BRSTNCLTN7N2;2024-01-15
109;1;0.09719516758136801;833.433471;0.5375629999999774;495;0;1.9642857142857142;1.790279254144538;-0.14920786528409735;0.6325310000000854;1000.0;2112544;;2.4183934460634267;2026-01-02;BRSTNCLTN7U7;2024-01-15
110;2;0.10715154709733421;954.996023;0.1812080000000833;114;0;0.4523809523809524;0.4085989454276522;-0.03902103678854019;0.4657320000000027;1000.0;19350;;0.2680036578849137;2024-07-01;BRSTNCLTN7W3;2024-01-15
111;3;0.11321775071643153;978.527579;0.17073900000002595;51;0;0.20238095238095238;0.18179817288270372;-0.017789452597753552;0.3956029999999373;1000.0;489976;;0.09817967221954246;2024-04-01;BRSTNCLTN7Y9;2024-01-15
112;4;0.09806061708126171;873.28566;0.9172230000000354;365;0;1.4484126984126984;1.3190644421786177;-0.11519200619704861;0.5547970000000078;1000.0;2419500;;1.4705991805170033;2025-07-01;BRSTNCLTN7Z6;2024-01-15
113;5;0.10304451923440507;932.34447;0.24295299999994313;180;0;0.7142857142857143;0.6475583771842205;-0.06037474719698821;0.5518329999999878;1000.0;2272801;;0.5031982188454197;2024-10-01;BRSTNCLTN822;2024-01-15
114;6;0.09925200362061411;892.11809;0.4420509999999922;304;0;1.2063492063492063;1.0974273544028545;-0.09790347953236278;0.5102010000000519;1000.0;754617;;1.1013434581581687;2025-04-01;BRSTNCLTN830;2024-01-15
115;7;0.09804917904312345;795.318509;2.1709269999998924;617;0;2.4484126984126986;2.229784236517347;-0.17733886743786798;0.6147509999999556;1000.0;4330652;;3.5013077818508176;2026-07-01;BRSTNCLTN848;2024-01-15
116;8;0.09748028130842294;852.920935;1.3632029999999986;431;0;1.7103174603174602;1.5584038394800135;-0.1329195259876883;0.6036900000000287;1000.0;0;;1.9243029699598715;2025-10-01;BRSTNCLTN863;2024-01-15
117;9;0.100036824667749;720.343153;2.261297000000013;867;0;3.4404761904761907;3.127601029174251;-0.2252945986681425;0.6422890000000052;1000.0;4421082;;6.312533131493423;2027-07-01;BRSTNCLTN871;2024-01-15
118;10;0.09771271597915555;814.081339;0.2621320000000651;556;0;2.2063492063492065;2.0099514339343436;-0.16362639546622404;0.6239219999999932;1000.0;0;;2.9354703190778006;2026-04-01;BRSTNCLTN8B5;2024-01-15
119;11;0.10140580396443098;682.927354;2.4834350000000995;995;0;3.9484126984126986;3.58488473900843;-0.2448215849206008;0.5752640000000611;1000.0;234853;;8.053112155791702;2028-01-03;BRSTNCLTN897;2024-01-15
120;12;0.10459559744130753;554.892668;0.7438570000000482;1492;0;5.920634920634921;5.360002681167949;-0.29742261882404364;0.323050999999964;1000.0;312142;;16.791041358753468;2030-01-02;BRSTNCLTN8A7;2024-01-15
121;0;0.1009345740754021;911.791821;0.8873639999999341;242;0;0.9603174603174603;0.872274784164373;-0.07953330138656156;-0.09404099999994742;1000.0;0;;0.776583613045873;2025-01-02;BRSTNCLTN7N2;2024-01-16
122;1;0.09883520491322494;831.302675;1.573368999999957;494;0;1.9603174603174602;1.7839958924733;-0.14830405576020667;-2.130796000000032;1000.0;1506692;;2.40308743880391;2026-01-02;BRSTNCLTN7U7;2024-01-16
123;2;0.1071723363383736;955.373809;0.35160499999994954;113;0;0.44841269841269843;0.40500713922901366;-0.038693321327741614;0.3777860000000146;1000.0;994253;;0.26491697834985894;2024-07-01;BRSTNCLTN7W3;2024-01-16
124;3;0.11332295776992325;978.925787;0.21398599999997714;50;0;0.1984126984126984;0.17821666007156595;-0.017446088421706918;0.39820800000006784;1000.0;4693409;;0.09591875951067035;2024-04-01;BRSTNCLTN7Y9;2024-01-16
125;4;0.09933520545962225;872.147225;2.6453520000000026;364;0;1.4444444444444444;1.3139254106273741;-0.11459364007356498;-1.1384349999999586;1000.0;3210265;;1.460799954873152;2025-07-01;BRSTNCLTN7Z6;2024-01-16
126;5;0.1032450611684847;932.586961;0.0302120000000059;179;0;0.7103174603174603;0.6438437749027964;-0.0600440309395367;0.2424909999999727;1000.0;0;;0.4990628530886747;2024-10-01;BRSTNCLTN822;2024-01-16
127;6;0.10027882292777038;891.451826;0.727388000000019;303;0;1.2023809523809523;1.0927966066760404;-0.097417553046796;-0.6662640000000692;1000.0;1103360;;1.0937020585717356;2025-04-01;BRSTNCLTN830;2024-01-16
128;7;0.09983862158876788;792.453227;2.2315209999999297;616;0;2.4444444444444446;2.2225483339498204;-0.17612655994020088;-2.8652819999999792;1000.0;1305788;;3.4802579723441656;2026-07-01;BRSTNCLTN848;2024-01-16
129;8;0.09889742456569132;851.359115;1.295863000000054;430;0;1.7063492063492063;1.5527829912580704;-0.13219759532245234;-1.5618200000000115;1000.0;7882550;;1.9120861235163937;2025-10-01;BRSTNCLTN863;2024-01-16
130;9;0.1020124617338914;716.185854;3.8769320000000107;866;0;3.4365079365079363;3.118393094085298;-0.22333490211951812;-4.15729900000008;1000.0;10337200;;6.277050428966715;2027-07-01;BRSTNCLTN871;2024-01-16
131;10;0.09939936444936108;811.633476;0.2621320000000651;555;0;2.2023809523809526;2.00325838316113;-0.1625911564851208;-2.447862999999984;1000.0;0;;2.917591498796205;2026-04-01;BRSTNCLTN8B5;2024-01-16
132;11;0.10332803136313805;678.506281;0.3919530000000577;994;0;3.9444444444444446;3.5750424996436125;-0.24256887908501312;-4.421073000000092;1000.0;0;;8.010581773936684;2028-01-03;BRSTNCLTN897;2024-01-16
133;12;0.10657310510879257;549.26806;0.2530179999999973;1491;0;5.916666666666667;5.346837981380854;-0.29368473251673777;-5.6246079999999665;1000.0;0;;16.710280996105165;2030-01-02;BRSTNCLTN8A7;2024-01-16
134;0;0.1004310938565645;912.538924;0.517667000000074;241;0;0.9563492063492064;0.8690677856174638;-0.0793058181970423;0.7471029999999246;1000.0;2512015;;0.7725154439554308;2025-01-02;BRSTNCLTN7N2;2024-01-17
135;1;0.09874743370866136;831.743618;2.725991000000022;493;0;1.9563492063492063;1.7805267870911787;-0.14809417918411327;0.44094299999994746;1000.0;3592179;;2.3953907697058647;2026-01-02;BRSTNCLTN7U7;2024-01-17
136;2;0.10690143881185392;955.863815;0.2518190000000686;112;0;0.4444444444444444;0.40152124750704205;-0.038379963144564044;0.49000599999999395;1000.0;2318657;;0.2619813671262086;2024-07-01;BRSTNCLTN7W3;2024-01-17
137;3;0.1132910212378027;979.34835;0.06821100000001934;49;0;0.19444444444444445;0.1746573370487385;-0.017105037485407593;0.42256299999996827;1000.0;415470;;0.09369450319507036;2024-04-01;BRSTNCLTN7Y9;2024-01-17
138;4;0.09919958112070618;872.630125;1.3200279999999793;363;0;1.4404761904761905;1.3104773982205205;-0.11435620558188475;0.48289999999997235;1000.0;5571076;;1.4547808129894952;2025-07-01;BRSTNCLTN7Z6;2024-01-17
139;5;0.10316593840257804;932.997916;0.4814679999999498;178;0;0.7063492063492064;0.6402928029483208;-0.0597391850780582;0.41095500000005813;1000.0;2290312;;0.49519438335448485;2024-10-01;BRSTNCLTN822;2024-01-17
140;6;0.10010935196535986;891.954587;0.4875799999999799;302;0;1.1984126984126984;1.089357806034343;-0.09716576919765885;0.502760999999964;1000.0;3563054;;1.0884636307846152;2025-04-01;BRSTNCLTN830;2024-01-17
141;7;0.0998459100830786;792.739719;0.9434619999999541;615;0;2.4404761904761907;2.2189255962988037;-0.1759030453691821;0.2864920000000666;1000.0;1414519;;3.4705591817983423;2026-07-01;BRSTNCLTN848;2024-01-17
142;8;0.09890099242383861;851.673076;1.9196900000000596;429;0;1.7023809523809523;1.5491668381925394;-0.13193836863206343;0.313961000000063;1000.0;3681368;;1.9048298954909264;2025-10-01;BRSTNCLTN863;2024-01-17
143;9;0.10221285845682279;716.014943;4.080246999999986;865;0;3.4325396825396823;3.1142258680843313;-0.2229832257425528;-0.17091099999993276;1000.0;1111364;;6.261916438246497;2027-07-01;BRSTNCLTN871;2024-01-17
144;10;0.09933156854270983;812.04883;0.2621320000000651;554;0;2.1984126984126986;1.9997722271033038;-0.1623912697285732;0.41535399999997935;1000.0;0;;2.9090845109023595;2026-04-01;BRSTNCLTN8B5;2024-01-17
145;11;0.10356640458251845;678.193533;0.3919530000000577;993;0;3.9404761904761907;3.570674435520221;-0.24216083106182396;-0.3127479999999423;1000.0;0;;7.99264628794367;2028-01-03;BRSTNCLTN897;2024-01-17
146;12;0.10698846220129214;548.2709;3.2461940000000595;1490;0;5.912698412698413;5.341247044927264;-0.29284503244446114;-0.997160000000008;1000.0;0;;16.676971006006696;2030-01-02;BRSTNCLTN8A7;2024-01-17
147;0;0.10016770272176663;913.09369;1.6695210000000316;240;0;0.9523809523809523;0.8656688953732069;-0.07904368059945455;0.554766000000086;1000.0;4769807;;0.7681171858980463;2025-01-02;BRSTNCLTN7N2;2024-01-18
148;1;0.09843015433270785;832.523788;2.409351000000015;492;0;1.9523809523809523;1.7774284292717033;-0.14797514488361685;0.7801699999999983;1000.0;1047450;;2.3887025771544157;2026-01-02;BRSTNCLTN7U7;2024-01-18
149;2;0.10681849877239513;956.280701;0.2996809999999641;111;0;0.44047619047619047;0.39796605592718426;-0.0380567258936253;0.4168859999999768;1000.0;2806866;;0.258967769690217;2024-07-01;BRSTNCLTN7W3;2024-01-18
150;3;0.1132436138398537;979.773466;0.15778000000000247;48;0;0.19047619047619047;0.1711001875751339;-0.01676394238137391;0.4251160000000027;1000.0;91448;;0.0914852361949591;2024-04-01;BRSTNCLTN7Y9;2024-01-18
151;4;0.09890748712733999;873.291048;0.5149169999999685;362;0;1.4365079365079365;1.30721463814667;-0.11415788413080463;0.6609230000000252;1000.0;2345800;;1.4491842431992281;2025-07-01;BRSTNCLTN7Z6;2024-01-18
152;5;0.10292686149554342;933.503603;0.8727269999999407;177;0;0.7023809523809523;0.6368336662470127;-0.05944865219532858;0.5056869999999662;1000.0;970652;;0.491480246968767;2024-10-01;BRSTNCLTN822;2024-01-18
153;6;0.0998124224489907;892.580106;1.1683450000000448;301;0;1.1944444444444444;1.0860437940485976;-0.09693810848125395;0.6255190000000539;1000.0;2341384;;1.0834860256671512;2025-04-01;BRSTNCLTN830;2024-01-18
154;7;0.09951960555694188;793.612716;1.7778229999998985;614;0;2.4365079365079363;2.2159750271198417;-0.17586259598607512;0.8729969999999412;1000.0;2451400;;3.462974045478115;2026-07-01;BRSTNCLTN848;2024-01-18
155;8;0.0985687071598677;852.429605;1.036273000000051;428;0;1.6984126984126984;1.5460232125506352;-0.1317875956395369;0.7565290000000005;1000.0;7371364;;1.8987472488170232;2025-10-01;BRSTNCLTN863;2024-01-18
156;9;0.10182651149624286;717.153008;1.4520919999999933;864;0;3.4285714285714284;3.111716323726441;-0.2231576721603119;1.1380649999999832;1000.0;5012500;;6.253460849720831;2027-07-01;BRSTNCLTN871;2024-01-18
157;10;0.0990653815484763;812.785871;0.0;553;0;2.1944444444444446;1.9966459883816026;-0.16228456487453968;0.7370410000000902;1000.0;0;;2.9016356932304337;2026-04-01;BRSTNCLTN8B5;2024-01-18
158;11;0.10327919722908911;679.154321;1.540885000000003;992;0;3.9365079365079363;3.568007177467261;-0.24232274919359043;0.9607879999999795;1000.0;0;;7.982338289788528;2028-01-03;BRSTNCLTN897;2024-01-18
159;12;0.10692546655293304;548.676554;0.0;1489;0;5.908730158730159;5.33796608385642;-0.2928816836259216;0.4056540000000268;1000.0;0;;16.65810726555592;2030-01-02;BRSTNCLTN8A7;2024-01-18
160;0;0.10057638199192268;913.117959;0.8383810000000267;239;0;0.9484126984126984;0.8617418303967685;-0.07868719413568215;0.02426900000000387;1000.0;583500;;0.762795191256266;2025-01-02;BRSTNCLTN7N2;2024-01-19
161;1;0.09851276358490912;832.711976;2.1614270000000033;491;0;1.9484126984126984;1.7736823770811931;-0.14769665570156576;0.18818800000008196;1000.0;383214;;2.3802853032952993;2026-01-02;BRSTNCLTN7U7;2024-01-19
162;2;0.10688417780081312;956.641129;0.19430799999997816;110;0;0.4365079365079365;0.3943573748193871;-0.03772584842766946;0.36042799999995623;1000.0;21033;;0.25589736822484266;2024-07-01;BRSTNCLTN7W3;2024-01-19
163;3;0.11313784075729505;980.208021;0.30228199999999106;47;0;0.1865079365079365;0.1675515199745181;-0.016423534380976434;0.43455500000004577;1000.0;302981;;0.08929764748447461;2024-04-01;BRSTNCLTN7Y9;2024-01-19
164;4;0.09906374820411296;873.44003;1.027802999999949;361;0;1.4325396825396826;1.3034182061020796;-0.11384576370403465;0.14898199999993267;1000.0;2368983;;1.4424170108177246;2025-07-01;BRSTNCLTN7Z6;2024-01-19
165;5;0.10312552136770677;933.749121;0.4225890000000163;176;0;0.6984126984126984;0.6331216976382693;-0.05911768286557617;0.24551799999994728;1000.0;3094046;;0.48738873444850794;2024-10-01;BRSTNCLTN822;2024-01-19
166;6;0.1000564605986425;892.681341;0.533305999999925;300;0;1.1904761904761905;1.0821955459665002;-0.09660557711976026;0.1012349999999742;1000.0;8356431;;1.0774554140408477;2025-04-01;BRSTNCLTN830;2024-01-19
167;7;0.09944875507542017;794.03601;1.8293130000000701;613;0;2.4325396825396823;2.2125085160750357;-0.17568114341952423;0.42329400000005535;1000.0;2211804;;3.4537868178381856;2026-07-01;BRSTNCLTN848;2024-01-19
168;8;0.09870261143813187;852.571568;0.49454499999990276;427;0;1.6944444444444444;1.5422230275275532;-0.1314855504784873;0.1419629999999188;1000.0;2425000;;1.8910641700946818;2025-10-01;BRSTNCLTN863;2024-01-19
169;9;0.10151425816974302;718.125736;1.3291450000000395;863;0;3.4246031746031744;3.1089958773744533;-0.22326499526604948;0.972727999999961;1000.0;4205780;;6.244164683706171;2027-07-01;BRSTNCLTN871;2024-01-19
170;10;0.09907373658757322;813.077055;0.0;552;0;2.1904761904761907;1.993020266055256;-0.1620479048479524;0.29118399999993017;1000.0;0;;2.8927466297040576;2026-04-01;BRSTNCLTN8B5;2024-01-19
171;11;0.10295895279680606;680.195362;0.7998049999999921;991;0;3.9325396825396823;3.565445323439465;-0.24251993724681142;1.0410410000000638;1000.0;2580000;;7.9725089881625815;2028-01-03;BRSTNCLTN897;2024-01-19
172;12;0.10647518418945003;550.218075;0.5858570000000327;1488;0;5.904761904761905;5.336551987619098;-0.29362673617652035;1.5415209999999888;1000.0;0;;16.6509020857548;2030-01-02;BRSTNCLTN8A7;2024-01-19
173;0;0.10031803595654373;913.667836;0.16529700000000958;238;0;0.9444444444444444;0.8583376996690936;-0.07842355486138786;0.549876999999924;1000.0;1814;;0.7584125426034978;2025-01-02;BRSTNCLTN7N2;2024-01-22
174;1;0.09898824951970575;832.321846;0.9236009999999624;490;0;1.9444444444444444;1.7693041545151553;-0.14726305000215234;-0.3901299999999992;1000.0;1138791;;2.3701880973746556;2026-01-02;BRSTNCLTN7U7;2024-01-22
175;2;0.10680458012565758;957.056476;0.5890229999999974;109;0;0.43253968253968256;0.39080041080169775;-0.03740180639812252;0.415346999999997;1000.0;991144;;0.2529069389789128;2024-07-01;BRSTNCLTN7W3;2024-01-22
176;3;0.11314067382342125;980.624565;0.1548210000000836;46;0;0.18253968253968253;0.1639861766493087;-0.01608088731427415;0.41654399999993075;1000.0;807234;;0.08710494892483873;2024-04-01;BRSTNCLTN7Y9;2024-01-22
177;4;0.09918591274086218;873.628761;1.1111669999999094;360;0;1.4285714285714286;1.2996631674902268;-0.11354231227318223;0.18873100000007526;1000.0;1145188;;1.4357556642534304;2025-07-01;BRSTNCLTN7Z6;2024-01-22
178;5;0.10289052835172746;934.251075;0.769092999999998;175;0;0.6944444444444444;0.62965854809394;-0.05882591754397026;0.5019540000000688;1000.0;671434;;0.48369325810124547;2024-10-01;BRSTNCLTN822;2024-01-22
179;6;0.09993718613332894;893.134111;0.4352720000000545;299;0;1.1865079365079365;1.0787051868879214;-0.09634283981222325;0.4527699999999868;1000.0;4318415;;1.072150984269076;2025-04-01;BRSTNCLTN830;2024-01-22
180;7;0.10016731565282143;793.075424;1.229859999999917;612;0;2.4285714285714284;2.2074564884975834;-0.1750679490576772;-0.9605860000000348;1000.0;1541244;;3.4396687198208515;2026-07-01;BRSTNCLTN848;2024-01-22
181;8;0.0990400414570332;852.447475;1.5432439999999588;426;0;1.6904761904761905;1.5381388756549583;-0.13111826007514082;-0.12409299999990253;1000.0;21571172;;1.8827002855582677;2025-10-01;BRSTNCLTN863;2024-01-22
182;9;0.1024035313033901;716.420954;1.8092410000000427;862;0;3.4206349206349205;3.1028883126039637;-0.2222974205071182;-1.7047819999999092;1000.0;4536341;;6.221286444668564;2027-07-01;BRSTNCLTN871;2024-01-22
183;10;0.09961715427778636;812.503273;0.1946460000000343;551;0;2.1865079365079363;1.9884265794090732;-0.16156031038900664;-0.5737819999999374;1000.0;61425;;2.881065029915481;2026-04-01;BRSTNCLTN8B5;2024-01-22
184;11;0.10386206335025414;678.27547;1.2196440000000166;990;0;3.9285714285714284;3.5589334175097447;-0.24139372364601286;-1.9198920000000044;1000.0;240170;;7.945040402218787;2028-01-03;BRSTNCLTN897;2024-01-22
185;12;0.10735588655095579;547.860843;1.2928069999999252;1487;0;5.900793650793651;5.328724179527887;-0.29193993211106317;-2.3572319999999536;1000.0;120714;;16.603706847129093;2030-01-02;BRSTNCLTN8A7;2024-01-22
186;0;0.10042939693628934;913.927522;0.0;237;0;0.9404761904761905;0.854644741843736;-0.07810833511035753;0.25968599999998787;1000.0;0;;0.7535320942561334;2025-01-02;BRSTNCLTN7N2;2024-01-23
187;1;0.09858878889756964;833.221253;0.30253000000004704;489;0;1.9404761904761905;1.7663353578357068;-0.14717481600740712;0.8994069999999965;1000.0;0;;2.363881327778195;2026-01-02;BRSTNCLTN7U7;2024-01-23
188;2;0.10680494087828536;957.441814;0.25456800000006297;108;0;0.42857142857142855;0.3872149597140446;-0.03707357934365518;0.38533800000004703;1000.0;5159;;0.24989237211756832;2024-07-01;BRSTNCLTN7W3;2024-01-23
189;3;0.11308745823330218;981.050127;0.0677290000000994;45;0;0.17857142857142858;0.16042892934170233;-0.01573888215051511;0.42556200000001354;1000.0;663200;;0.08493355337999398;2024-04-01;BRSTNCLTN7Y9;2024-01-23
190;4;0.09896905291853493;874.20237;0.2954489999999623;359;0;1.4246031746031746;1.2963087424311623;-0.11332361748850417;0.5736089999999194;1000.0;1569500;;1.429992187501791;2025-07-01;BRSTNCLTN7Z6;2024-01-23
191;5;0.10291216945417457;934.60156;0.0;174;0;0.6904761904761905;0.6260482148098743;-0.05851056381965236;0.3504849999999351;1000.0;0;;0.4797841601912647;2024-10-01;BRSTNCLTN822;2024-01-23
192;6;0.0997857998372734;893.617208;0.4435799999999972;298;0;1.1825396825396826;1.0752454651342835;-0.09608578504679599;0.4830970000000434;1000.0;1863294;;1.0669195487789567;2025-04-01;BRSTNCLTN830;2024-01-23
193;7;0.09975886448075773;794.090536;1.4997270000000071;611;0;2.4246031746031744;2.2046680445689155;-0.17507060292138021;1.0151120000000446;1000.0;129920;;3.4326220892241777;2026-07-01;BRSTNCLTN848;2024-01-23
194;8;0.09875688524659203;853.137655;0.9847479999999678;425;0;1.6865079365079365;1.5349236780601947;-0.13095011873042495;0.6901799999999412;1000.0;5660000;;1.8764772804257144;2025-10-01;BRSTNCLTN863;2024-01-23
195;9;0.10207425682475864;717.430059;2.452917999999954;861;0;3.4166666666666665;3.1002146703662024;-0.22241871938734903;1.0091049999999768;1000.0;1127800;;6.212201470961851;2027-07-01;BRSTNCLTN871;2024-01-23
196;10;0.09921770376097648;813.454307;0.7798789999999372;550;0;2.1825396825396823;1.985539093093939;-0.16151453269941385;0.951033999999936;1000.0;200950;;2.874342774610109;2026-04-01;BRSTNCLTN8B5;2024-01-23
197;11;0.10350377690618724;679.406527;2.601944000000003;989;0;3.9246031746031744;3.5564928851692397;-0.24163044794130428;1.1310569999999416;1000.0;1642880;;7.935775235824108;2028-01-03;BRSTNCLTN897;2024-01-23
198;12;0.10695564086965936;549.252208;2.931365000000028;1486;0;5.896825396825397;5.327066068306434;-0.29259028001791876;1.3913649999999507;1000.0;831428;;16.594993528069015;2030-01-02;BRSTNCLTN8A7;2024-01-23
199;0;0.10043730032865342;914.268515;0.5313429999999926;236;0;0.9365079365079365;0.8510325336641502;-0.07780722507698101;0.34099300000002586;1000.0;157908;;0.748807412365294;2025-01-02;BRSTNCLTN7N2;2024-01-24
200;1;0.09847095649837093;833.70536;0.960160999999971;488;0;1.9365079365079365;1.762912306418892;-0.14697494390713928;0.4841069999999945;1000.0;327846;;2.3563690586378048;2026-01-02;BRSTNCLTN7U7;2024-01-24
201;2;0.10684791156458055;957.811653;0.37116900000000896;107;0;0.4246031746031746;0.38361474251474387;-0.03674306706432162;0.3698389999999563;1000.0;57752;;0.24687166787631376;2024-07-01;BRSTNCLTN7W3;2024-01-24
202;3;0.11324787106841928;981.442614;0.030772999999953754;44;0;0.1746031746031746;0.15684123881223253;-0.015393067540287575;0.39248700000007375;1000.0;2480000;;0.08274267812216328;2024-04-01;BRSTNCLTN7Y9;2024-01-24
203;4;0.09884949085140429;874.664998;1.3552839999999833;358;0;1.4206349206349207;1.292838508578636;-0.11308005915202557;0.46262799999999515;1000.0;805520;;1.423984832570716;2025-07-01;BRSTNCLTN7Z6;2024-01-24
204;5;0.10284831278802961;935.002081;0.585474999999974;173;0;0.6865079365079365;0.6224862774048388;-0.05820259647674675;0.4005210000000261;1000.0;1440636;;0.4759621036425323;2024-10-01;BRSTNCLTN822;2024-01-24
205;6;0.0997036719596667;894.033245;0.20004500000004555;297;0;1.1785714285714286;1.071717290672489;-0.09581508871025335;0.41603699999996024;1000.0;162088;;1.0615644630137702;2025-04-01;BRSTNCLTN830;2024-01-24
206;7;0.099563794539328;794.731422;1.244760000000042;610;0;2.4206349206349205;2.2014502324799468;-0.17495616737210185;0.6408859999999095;1000.0;1235833;;3.4242476622001408;2026-07-01;BRSTNCLTN848;2024-01-24
207;8;0.09864316386957989;853.6052;0.9830440000000635;424;0;1.6825396825396826;1.531470600147673;-0.13072712679331744;0.4675449999999728;1000.0;13328500;;1.8696837817093719;2025-10-01;BRSTNCLTN863;2024-01-24
208;9;0.1018671370969195;718.167325;3.1753439999999955;860;0;3.4126984126984126;3.097196031812058;-0.22243049891670807;0.7372659999999769;1000.0;6327496;;6.201742233238158;2027-07-01;BRSTNCLTN871;2024-01-24
209;10;0.09902165703240111;814.076005;0.7798789999999372;549;0;2.1785714285714284;1.98228256430009;-0.1613728670726573;0.6216980000000376;1000.0;0;;2.8665616535763205;2026-04-01;BRSTNCLTN8B5;2024-01-24
210;11;0.10327963920250866;680.213634;0.7255509999999958;988;0;3.9206349206349205;3.5536186273354793;-0.24172198403499578;0.8071069999999736;1000.0;0;;7.924581894678423;2028-01-03;BRSTNCLTN897;2024-01-24
211;12;0.10676154786066921;550.041814;1.318962000000056;1485;0;5.892857142857143;5.3244148122071415;-0.2928650781794886;0.7896060000000489;1000.0;92600;;16.58009793068018;2030-01-02;BRSTNCLTN8A7;2024-01-24
212;0;0.10025835232833072;914.754532;0.47494300000005296;235;0;0.9325396825396826;0.8475642905520566;-0.07753132759438586;0.48601700000006076;1000.0;1012938;;0.7443486373408915;2025-01-02;BRSTNCLTN7N2;2024-01-25
213;1;0.0976044475344313;835.289023;0.8423530000000028;487;0;1.9325396825396826;1.7606886686180656;-0.1470683917817155;1.5836630000000014;1000.0;1794025;;2.3520720082861093;2026-01-02;BRSTNCLTN7U7;2024-01-25
214;2;0.10683853005638282;958.200994;0.15085099999998874;106;0;0.42063492063492064;0.3800327791097299;-0.03641477866955256;0.38934100000005856;1000.0;31105;;0.24388735513133591;2024-07-01;BRSTNCLTN7W3;2024-01-25
215;3;0.1133865219089553;981.839659;0.07640600000001996;43;0;0.17063492063492064;0.15325757754377556;-0.015047436767474665;0.3970449999999346;1000.0;2001080;;0.08056891631670694;2024-04-01;BRSTNCLTN7Y9;2024-01-25
216;4;0.09813210529743017;875.802134;1.188058999999953;357;0;1.4166666666666667;1.2900694515997322;-0.11298455787192552;1.137136000000055;1000.0;2290300;;1.4195322213880912;2025-07-01;BRSTNCLTN7Z6;2024-01-25
217;5;0.10280965243090925;935.387759;0.08733400000005531;172;0;0.6825396825396826;0.618909786704636;-0.05789206384088175;0.3856779999999844;1000.0;388;;0.4721305637276364;2024-10-01;BRSTNCLTN822;2024-01-25
218;6;0.09915081533716706;894.898914;0.2398009999999431;296;0;1.1746031746031746;1.0686460578812476;-0.09563301966483095;0.8656690000000253;1000.0;4762114;;1.0571256544609453;2025-04-01;BRSTNCLTN830;2024-01-25
219;7;0.09868349547160248;796.571105;1.9777370000000474;609;0;2.4166666666666665;2.1996022758155633;-0.1752139615406918;1.8396830000000364;1000.0;3915700;;3.4201422918899542;2026-07-01;BRSTNCLTN848;2024-01-25
220;8;0.09778452299005551;855.045346;0.9161930000000211;423;0;1.6785714285714286;1.5290536679298803;-0.13074102225476736;1.440146000000027;1000.0;19911015;;1.8654295646379788;2025-10-01;BRSTNCLTN863;2024-01-25
221;9;0.10089704482486221;720.604126;2.216686999999979;859;0;3.4087301587301586;3.0963206655327777;-0.22312214470019853;2.436800999999946;1000.0;8878000;;6.199872283383823;2027-07-01;BRSTNCLTN871;2024-01-25
222;10;0.09826749793286052;815.597655;0.7798789999999372;548;0;2.1746031746031744;1.9800305649973042;-0.16149082856401265;1.5216500000000224;1000.0;0;;2.8616941104031115;2026-04-01;BRSTNCLTN8B5;2024-01-25
223;11;0.10247485594255397;682.426607;1.9508799999999837;987;0;3.9166666666666665;3.5526132879925107;-0.2424397832107843;2.2129730000000336;1000.0;942100;;7.921729459439653;2028-01-03;BRSTNCLTN897;2024-01-25
224;12;0.10605207280384599;552.345104;0.9091070000000627;1484;0;5.888888888888889;5.32424238391949;-0.29408192132672184;2.303289999999947;1000.0;0;;16.580644931835852;2030-01-02;BRSTNCLTN8A7;2024-01-25
225;0;0.09965543816361745;915.567305;0.46936200000004646;234;0;0.9285714285714286;0.8444203552988293;-0.07731236689880916;0.8127729999999929;1000.0;2080350;;0.7404705537450209;2025-01-02;BRSTNCLTN7N2;2024-01-26
226;1;0.09702557887371974;836.448328;0.4924119999999448;486;0;1.9285714285714286;1.7580004481797074;-0.14704765355031668;1.1593049999999039;1000.0;1620085;;2.3465404910702126;2026-01-02;BRSTNCLTN7U7;2024-01-26
227;2;0.10675455244271254;958.617349;0.3300179999999955;105;0;0.4166666666666667;0.37647612805255315;-0.036089654783552305;0.4163549999999532;1000.0;401623;;0.24094825038728018;2024-07-01;BRSTNCLTN7W3;2024-01-26
228;3;0.11356618955889304;982.231808;0.14642600000001949;42;0;0.16666666666666666;0.14966929563323952;-0.014700994285192337;0.3921490000000176;1000.0;3456176;;0.07840314770636972;2024-04-01;BRSTNCLTN7Y9;2024-01-26
229;4;0.09748292165792712;876.859746;1.7524459999999635;356;0;1.4126984126984128;1.2872167766319915;-0.11287085758044668;1.0576119999999491;1000.0;40220;;1.414903960202288;2025-07-01;BRSTNCLTN7Z6;2024-01-26
230;5;0.10246910455351912;935.947207;0.5794590000000426;171;0;0.6785714285714286;0.6155015409976227;-0.05760769482009209;0.5594480000000885;1000.0;4432590;;0.4685678917082902;2024-10-01;BRSTNCLTN822;2024-01-26
231;6;0.098461448461423;895.892428;1.0532150000000229;295;0;1.1706349206349207;1.0657041568807597;-0.09547562846375968;0.9935140000000047;1000.0;6098737;;1.0529521530372834;2025-04-01;BRSTNCLTN830;2024-01-26
232;7;0.09810974312202919;797.873564;2.4886089999999967;608;0;2.4126984126984126;2.1971378344004604;-0.1753038194532337;1.302458999999999;1000.0;67615;;3.414125419625786;2026-07-01;BRSTNCLTN848;2024-01-26
233;8;0.09720058491369223;856.124421;1.3861579999999094;422;0;1.6746031746031746;1.5262507334046513;-0.13066605254368824;1.079074999999989;1000.0;5339143;;1.8602410069312918;2025-10-01;BRSTNCLTN863;2024-01-26
234;9;0.10046964271306559;721.83275;3.013928000000078;858;0;3.4047619047619047;3.0939172551162866;-0.2233290800533041;1.2286240000000817;1000.0;2610644;;6.191887652021395;2027-07-01;BRSTNCLTN871;2024-01-26
235;10;0.09764860505236472;816.899976;0.3616309999999885;547;0;2.1706349206349205;1.9775317441077271;-0.16154456343008405;1.3023210000000063;1000.0;12038500;;2.856119479220392;2026-04-01;BRSTNCLTN8B5;2024-01-26
236;11;0.10199242969003969;683.860966;1.1024740000000293;986;0;3.9126984126984126;3.5505675567841344;-0.2428094559230658;1.4343589999999722;1000.0;4412000;;7.914241040524965;2028-01-03;BRSTNCLTN897;2024-01-26
237;12;0.10564482145736877;553.764923;0.5868909999999232;1483;0;5.884920634920635;5.322614420306721;-0.29474771646198406;1.4198189999999613;1000.0;0;;16.572128851427124;2030-01-02;BRSTNCLTN8A7;2024-01-26
238;0;0.09988541278592335;915.735443;0.3867009999999027;233;0;0.9246031746031746;0.8406359162737121;-0.07698001031906188;0.168137999999999;1000.0;776562;;0.7354813976158103;2025-01-02;BRSTNCLTN7N2;2024-01-29
239;1;0.09743492839175283;836.155161;1.667357999999922;485;0;1.9246031746031746;1.7537287682468383;-0.14663893605637668;-0.2931669999999258;1000.0;508470;;2.3367949155882384;2026-01-02;BRSTNCLTN7U7;2024-01-29
240;2;0.10686579642951545;958.963499;0.6505750000000035;104;0;0.4126984126984127;0.3728531642623142;-0.035755257501421056;0.346149999999966;1000.0;118977;;0.23793717350098179;2024-07-01;BRSTNCLTN7W3;2024-01-29
241;3;0.11350883839617605;982.659403;0.17401599999993778;41;0;0.1626984126984127;0.14611326613547795;-0.014357957487106887;0.4275949999999966;1000.0;1969868;;0.07628393065334887;2024-04-01;BRSTNCLTN7Y9;2024-01-29
242;4;0.09780270591991075;876.82354;0.6324429999999666;355;0;1.4087301587301588;1.2832270927742055;-0.11251637221101873;-0.036205999999992855;1000.0;840412;;1.4077884036833466;2025-07-01;BRSTNCLTN7Z6;2024-01-29
243;5;0.10256940341786805;936.252134;0.6978760000000648;170;0;0.6746031746031746;0.6118464530706357;-0.057284254736771345;0.3049269999999069;1000.0;865294;;0.4646419463215036;2024-10-01;BRSTNCLTN822;2024-01-29
244;6;0.09872059105275399;895.979746;0.7261039999999639;294;0;1.1666666666666667;1.0618410970484666;-0.09513881164258464;0.08731799999998202;1000.0;1572888;;1.0469703229917822;2025-04-01;BRSTNCLTN830;2024-01-29
245;7;0.09860290814786168;797.307166;2.372618999999986;607;0;2.4087301587301586;2.192539443391609;-0.17481274099537814;-0.5663979999999356;1000.0;81098;;3.401490777345751;2026-07-01;BRSTNCLTN848;2024-01-29
246;8;0.09756309385737251;855.967102;0.6862280000000283;421;0;1.6706349206349207;1.5221311218234508;-0.1302894165211228;-0.15731900000002952;1000.0;4608200;;1.8518555217104093;2025-10-01;BRSTNCLTN863;2024-01-29
247;9;0.10106554661371032;720.778835;2.3321300000000065;857;0;3.4007936507936507;3.0886387939214077;-0.2226225471618477;-1.0539150000000745;1000.0;4187140;;6.17241266823499;2027-07-01;BRSTNCLTN871;2024-01-29
248;10;0.09805475781614517;816.547282;1.6642420000000584;546;0;2.1666666666666665;1.9731863923775086;-0.161119998557524;-0.35269400000004225;1000.0;2902851;;2.845224027085965;2026-04-01;BRSTNCLTN8B5;2024-01-29
249;11;0.10261423181637651;682.617817;2.585001000000034;985;0;3.9087301587301586;3.544966318553187;-0.2419857169709303;-1.2431490000000167;1000.0;771470;;7.890920670187633;2028-01-03;BRSTNCLTN897;2024-01-29
250;12;0.10629235238889537;552.08144;1.7678789999999935;1482;0;5.880952380952381;5.315912021345159;-0.29348163636575464;-1.6834829999999101;1000.0;263570;;16.53203896208975;2030-01-02;BRSTNCLTN8A7;2024-01-29
251;0;0.10009933732331504;915.917471;0.7700499999999693;232;0;0.9206349206349206;0.8368652689004853;-0.07664995206590675;0.18202799999994568;1000.0;27490;;0.7305306834646158;2025-01-02;BRSTNCLTN7N2;2024-01-30
252;1;0.09783626536709082;835.876512;1.9358670000000302;484;0;1.9206349206349207;1.7494730422590512;-0.14623434244015243;-0.27864899999997306;1000.0;389035;;2.3271102408590156;2026-01-02;BRSTNCLTN7U7;2024-01-30
253;2;0.10696614060592699;959.314404;0.34381500000006326;103;0;0.4087301587301587;0.36923456429548557;-0.03542120359833234;0.35090500000001157;1000.0;59115;;0.23494478659895993;2024-07-01;BRSTNCLTN7W3;2024-01-30
254;3;0.11359140683702583;983.067175;0.23892299999999977;40;0;0.15873015873015872;0.14253895844510112;-0.014012537120606794;0.40777200000002267;1000.0;426596;;0.07415833845712447;2024-04-01;BRSTNCLTN7Y9;2024-01-30
255;4;0.09814657582150152;876.762453;0.517641000000026;354;0;1.4047619047619047;1.279211675034499;-0.11215647661094863;-0.0610869999999295;1000.0;751415;;1.4006324706442548;2025-07-01;BRSTNCLTN7Z6;2024-01-30
256;5;0.10278449269564814;936.492462;0.08601800000008097;169;0;0.6706349206349206;0.6081287225002163;-0.056950796454714236;0.24032800000009047;1000.0;286435;;0.460634452591355;2024-10-01;BRSTNCLTN822;2024-01-30
257;6;0.0990098593514165;896.040249;0.5518710000000056;293;0;1.1626984126984128;1.0579508580522707;-0.09479665502789203;0.06050300000003972;1000.0;251250;;1.0409500141991452;2025-04-01;BRSTNCLTN830;2024-01-30
258;7;0.09890072432763035;797.085037;1.6794159999999465;606;0;2.4047619047619047;2.1883341245697956;-0.17442883866510783;-0.22212899999999536;1000.0;1198064;;3.390095431428402;2026-07-01;BRSTNCLTN848;2024-01-30
259;8;0.09790856583766976;855.834345;1.2710969999999406;420;0;1.6666666666666667;1.518037786650059;-0.1299188874822903;-0.1327569999999696;1000.0;14800000;;1.8435509492877091;2025-10-01;BRSTNCLTN863;2024-01-30
260;9;0.10134304601288459;720.437317;2.2303739999999834;856;0;3.3968253968253967;3.08425746172804;-0.2222014170664579;-0.3415179999999509;1000.0;3671081;;6.156547418174022;2027-07-01;BRSTNCLTN871;2024-01-30
261;10;0.0984178290872747;816.266613;1.6642420000000584;545;0;2.1626984126984126;1.9689214748574813;-0.1607164863544881;-0.28066899999998896;1000.0;0;;2.8345792924515445;2026-04-01;BRSTNCLTN8B5;2024-01-30
262;11;0.10286962721393156;682.265193;0.0;984;0;3.9047619047619047;3.540547280809864;-0.2415592173867367;-0.3526239999999916;1000.0;0;;7.872889393643738;2028-01-03;BRSTNCLTN897;2024-01-30
263;12;0.10664966879752097;551.255579;1.9349690000000237;1481;0;5.876984126984127;5.310609785445401;-0.292750327211877;-0.8258610000000317;1000.0;302380;;16.50069543562138;2030-01-02;BRSTNCLTN8A7;2024-01-30
264;0;0.09973455736100673;916.542871;0.7700499999999693;231;0;0.9166666666666666;0.8335344812016167;-0.07639700864780252;0.6254000000000133;1000.0;0;;0.7263606238711351;2025-01-02;BRSTNCLTN7N2;2024-01-31
265;1;0.09718523148745495;837.137422;1.9358670000000302;483;0;1.9166666666666667;1.7468943638717047;-0.1462390644277889;1.2609099999999671;1000.0;0;;2.321899910393511;2026-01-02;BRSTNCLTN7U7;2024-01-31
266;2;0.10679682136635324;959.760764;0.34381500000006326;102;0;0.40476190476190477;0.36570570027728116;-0.03509899822972784;0.44636000000002696;1000.0;0;;0.23207937194476666;2024-07-01;BRSTNCLTN7W3;2024-01-31
267;3;0.11355012772696103;983.492623;0.23892299999999977;39;0;0.15476190476190477;0.13898063627846535;-0.013668643051971685;0.4254479999999603;1000.0;0;;0.0720621130013251;2024-04-01;BRSTNCLTN7Y9;2024-01-31
268;4;0.09766490594604399;877.627433;0.517641000000026;353;0;1.4007936507936507;1.2761578320107296;-0.1119991122210422;0.8649799999999459;1000.0;0;;1.3955951541612162;2025-07-01;BRSTNCLTN7Z6;2024-01-31
269;5;0.10252153871913297;937.005079;0.08601800000008097;168;0;0.6666666666666666;0.6046745095813045;-0.05665830866195165;0.5126169999999775;1000.0;0;;0.45703909088173406;2024-10-01;BRSTNCLTN822;2024-01-31
270;6;0.09861559123409873;896.748767;0.5518710000000056;292;0;1.1587301587301588;1.0547184828986724;-0.09458174990714951;0.7085180000000264;1000.0;0;;1.0362371671158854;2025-04-01;BRSTNCLTN830;2024-01-31
271;7;0.09819873914065234;798.607631;1.6794159999999465;605;0;2.4007936507936507;2.186119519997216;-0.17458517309478339;1.5225939999999127;1000.0;0;;3.3848797187625697;2026-07-01;BRSTNCLTN848;2024-01-31
272;8;0.09739180093279637;856.822075;1.2710969999999406;419;0;1.6626984126984128;1.5151365572047395;-0.12982024488525212;0.987730000000056;1000.0;0;;1.8381546555966393;2025-10-01;BRSTNCLTN863;2024-01-31
273;9;0.10039197322503653;722.828987;2.2303739999999834;855;0;3.392857142857143;3.0833169779986176;-0.2228710887806642;2.3916699999999764;1000.0;0;;6.154430069394411;2027-07-01;BRSTNCLTN871;2024-01-31
274;10;0.09777588738509972;817.60188;1.6642420000000584;544;0;2.1587301587301586;1.9664580200559985;-0.16077797741388622;1.3352670000000444;1000.0;0;;2.8291340294237957;2026-04-01;BRSTNCLTN8B5;2024-01-31
275;11;0.10196372828570882;684.721658;0.0;983;0;3.9007936507936507;3.53985680788888;-0.24238166225802615;2.456465000000094;1000.0;0;;7.871451253177284;2028-01-03;BRSTNCLTN897;2024-01-31
276;12;0.10551988028893569;554.795488;1.9349690000000237;1480;0;5.873015873015873;5.312447483798731;-0.2947321894248489;3.539908999999966;1000.0;0;;16.5137396432157;2030-01-02;BRSTNCLTN8A7;2024-01-31
277;0;0.09951948843991994;917.052396;0.0;230;0;0.9126984126984127;0.8300884425459943;-0.07612345951287125;0.5095250000000533;1000.0;0;;0.7220012214735433;2025-01-02;BRSTNCLTN7N2;2024-02-01
278;1;0.09695414424990621;837.783053;1.7685069999999996;482;0;1.9126984126984128;1.7436448487316873;-0.1460796104718156;0.6456309999999803;1000.0;722443;;2.3149151608107945;2026-01-02;BRSTNCLTN7U7;2024-02-01
279;2;0.1067813342107116;960.152683;0.4028160000000298;101;0;0.4007936507936508;0.36212541740549103;-0.034769569110437715;0.3919190000000299;1000.0;33090;;0.22916133383787707;2024-07-01;BRSTNCLTN7W3;2024-02-01
280;3;0.11358158142244967;983.908275;0.13028399999996054;38;0;0.15079365079365079;0.1354132052928678;-0.013323417323192643;0.4156520000000228;1000.0;321880;;0.06996914803252084;2024-04-01;BRSTNCLTN7Y9;2024-02-01
281;4;0.0974089320634206;878.238086;0.22422599999993054;352;0;1.3968253968253967;1.2728394783233168;-0.1117856107227908;0.6106529999999566;1000.0;822800;;1.38998960249565;2025-07-01;BRSTNCLTN7Z6;2024-02-01
282;5;0.10239147705962776;937.44134;0.2608459999999013;167;0;0.6626984126984127;0.6011461722198383;-0.0563539273221636;0.43626099999994494;1000.0;1419650;;0.4533438690890911;2024-10-01;BRSTNCLTN822;2024-02-01
283;6;0.09837288967631717;897.312417;1.136131999999975;291;0;1.1547619047619047;1.051338690617455;-0.09433792615635639;0.5636499999999387;1000.0;2390220;;1.0312456480546721;2025-04-01;BRSTNCLTN830;2024-02-01
284;7;0.09788845924325715;799.445806;1.4756399999999985;604;0;2.3968253968253967;2.183122908492629;-0.1745288453176954;0.8381749999999784;1000.0;835316;;3.3772498712635612;2026-07-01;BRSTNCLTN848;2024-02-01
285;8;0.09711566048761704;857.496007;1.9164970000000494;418;0;1.6587301587301588;1.5119009242509254;-0.1296449005524778;0.6739319999999225;1000.0;2873790;;1.8319565896450398;2025-10-01;BRSTNCLTN863;2024-02-01
286;9;0.10009573735311257;723.763538;3.339964000000009;854;0;3.388888888888889;3.080540069570021;-0.22295825797027646;0.9345510000000559;1000.0;2321273;;6.144986979547922;2027-07-01;BRSTNCLTN871;2024-02-01
287;10;0.09745959758679422;818.412607;0.8040650000000369;543;0;2.1547619047619047;1.9634089023466266;-0.1606878598376511;0.8107269999999289;1000.0;0;;2.822011666290373;2026-04-01;BRSTNCLTN8B5;2024-02-01
288;11;0.1015483753870253;685.992559;1.3563350000000582;982;0;3.8968253968253967;3.537589123137364;-0.24267598152715664;1.2709009999999807;1000.0;558000;;7.863002876257069;2028-01-03;BRSTNCLTN897;2024-02-01
289;12;0.1051246369343658;556.182401;1.2513079999999945;1479;0;5.869047619047619;5.31075668369843;-0.29537494034661904;1.3869130000000496;1000.0;0;;16.504853050250595;2030-01-02;BRSTNCLTN8A7;2024-02-01
290;0;0.09976361224106937;917.212656;0.6549340000000257;229;0;0.9087301587301587;0.8262959017436786;-0.07578890586802345;0.16025999999999385;1000.0;655932;;0.7170522213925097;2025-01-02;BRSTNCLTN7N2;2024-02-02
291;1;0.09784660324589517;836.790818;2.5038490000000593;481;0;1.9087301587301588;1.7386128290811982;-0.145485525143215;-0.9922350000000506;1000.0;2427916;;2.3032159390296614;2026-01-02;BRSTNCLTN7U7;2024-02-02
292;2;0.10704105120012639;960.449892;0.43862399999989066;100;0;0.3968253968253968;0.3584559020664714;-0.0344278932426505;0.29720899999995254;1000.0;208209;;0.22614352276108016;2024-07-01;BRSTNCLTN7W3;2024-02-02
293;3;0.11373567762574265;984.308408;0.061464999999998327;37;0;0.14682539682539683;0.13183145719575867;-0.012976281175667737;0.40013299999998253;1000.0;2700148;;0.06787411213762146;2024-04-01;BRSTNCLTN7Y9;2024-02-02
294;4;0.09814804745619862;877.738572;1.9092990000000327;351;0;1.3928571428571428;1.2683691982554217;-0.11132965688454988;-0.4995139999999765;1000.0;169563;;1.3818839196843353;2025-07-01;BRSTNCLTN7Z6;2024-02-02
295;5;0.10272851918390104;937.615219;0.48517200000003413;166;0;0.6587301587301587;0.5973638581507461;-0.05600974446826967;0.1738790000000563;1000.0;754356;;0.44927897956086427;2024-10-01;BRSTNCLTN822;2024-02-02
296;6;0.09897034766070689;897.085012;0.9871889999999439;290;0;1.1507936507936507;1.0471562440622677;-0.09393881717704744;-0.2274049999999761;1000.0;10238517;;1.0246941651318762;2025-04-01;BRSTNCLTN830;2024-02-02
297;7;0.09886851403828088;798.036432;1.04878599999995;603;0;2.392857142857143;2.177564614453916;-0.17377758953682587;-1.409373999999957;1000.0;3499117;;3.3617150198672388;2026-07-01;BRSTNCLTN848;2024-02-02
298;8;0.09797649103650928;856.698845;1.8466720000000123;417;0;1.6547619047619047;1.507101418379713;-0.12911320444237617;-0.7971619999999575;1000.0;1453684;;1.8219859229423556;2025-10-01;BRSTNCLTN863;2024-02-02
299;9;0.10114322489302235;721.708833;2.8949449999998933;853;0;3.384920634920635;3.0740058770480183;-0.22185371941594667;-2.0547050000000127;1000.0;2435506;;6.120580596976075;2027-07-01;BRSTNCLTN871;2024-02-02
300;10;0.09840985636639618;817.192066;2.986562999999933;542;0;2.1507936507936507;1.95809758735328;-0.16001418128388423;-1.2205410000000256;1000.0;12579678;;2.8084059095787053;2026-04-01;BRSTNCLTN8B5;2024-02-02
301;11;0.10266673559933746;683.550346;3.6612139999999727;981;0;3.892857142857143;3.5304024063062327;-0.2413207786349858;-2.442213000000038;1000.0;1463508;;7.832717652529475;2028-01-03;BRSTNCLTN897;2024-02-02
302;12;0.10636561063022516;552.752643;5.578795000000014;1478;0;5.865079365079365;5.301213034696496;-0.2930259516034539;-3.4297579999999925;1000.0;1265196;;16.44720647291975;2030-01-02;BRSTNCLTN8A7;2024-02-02
303;0;0.09974752035906617;917.57099;0.6372280000000501;228;0;0.9047619047619048;0.8226996605228254;-0.07548853419785928;0.3583340000000135;1000.0;1386257;;0.7124576083064446;2025-01-02;BRSTNCLTN7N2;2024-02-05
304;1;0.09812066843487068;836.702956;3.2345530000000053;480;0;1.9047619047619047;1.7345652344080067;-0.1451315859004012;-0.0878619999999728;1000.0;485425;;2.294146340709201;2026-01-02;BRSTNCLTN7U7;2024-02-05
305;2;0.10691378776079333;960.880942;0.17580099999997856;99;0;0.39285714285714285;0.35491214309717156;-0.0341028314386449;0.43105000000002747;1000.0;5499;;0.22329738680802058;2024-07-01;BRSTNCLTN7W3;2024-02-05
306;3;0.11379657826294153;984.721558;0.13672199999996337;36;0;0.14285714285714285;0.1282614313198181;-0.012630179648056128;0.41314999999997326;1000.0;4003761;;0.06580398079084103;2024-04-01;BRSTNCLTN7Y9;2024-02-05
307;4;0.09833145062130835;877.861102;0.8574679999999262;350;0;1.3888888888888888;1.2645444175083975;-0.11100943558818699;0.12252999999998337;1000.0;410782;;1.3752023917813077;2025-07-01;BRSTNCLTN7Z6;2024-02-05
308;5;0.10268612704397753;938.002738;0.48517200000003413;165;0;0.6547619047619048;0.5937881076441157;-0.055697487076201924;0.3875189999999975;1000.0;0;;0.44553834976518036;2024-10-01;BRSTNCLTN822;2024-02-05
309;6;0.0990247821483054;897.370057;0.6110160000000633;289;0;1.1468253968253967;1.043493673827956;-0.09363999775621323;0.28504499999996824;1000.0;723560;;1.019175697708185;2025-04-01;BRSTNCLTN830;2024-02-05
310;7;0.09920641199403059;797.748927;1.5809550000000172;602;0;2.388888888888889;2.1732851190244715;-0.17337358717668394;-0.2875050000000101;1000.0;3775318;;3.35015411971478;2026-07-01;BRSTNCLTN848;2024-02-05
311;8;0.0982237284980269;856.698187;0.3049750000000131;416;0;1.6507936507936507;1.5031487938779593;-0.12877448465064845;-0.0006580000000440123;1000.0;312804;;1.814082666558692;2025-10-01;BRSTNCLTN863;2024-02-05
312;9;0.10151785202228383;721.154973;4.264581000000021;852;0;3.380952380952381;3.069357872169809;-0.22134826934319562;-0.553859999999986;1000.0;1615975;;6.103718845045348;2027-07-01;BRSTNCLTN871;2024-02-05
313;10;0.09877093514683678;816.919878;0.9605250000000751;541;0;2.1468253968253967;1.9538425770616406;-0.1596132839684401;-0.2721879999999146;1000.0;3556000;;2.7978540766649056;2026-04-01;BRSTNCLTN8B5;2024-02-05
314;11;0.1029872060684225;683.04317;2.8807429999999385;980;0;3.888888888888889;3.5257789218908067;-0.24082592115274792;-0.5071759999999585;1000.0;1413800;;7.813844593858286;2028-01-03;BRSTNCLTN897;2024-02-05
315;12;0.10656180814554181;552.400002;3.7081130000000257;1477;0;5.861111111111111;5.29668699768081;-0.29258899081122536;-0.3526410000000624;1000.0;142218;;16.420753349114108;2030-01-02;BRSTNCLTN8A7;2024-02-05
316;0;0.09938478050182518;918.190073;0.21155299999998078;227;0;0.9007936507936508;0.8193615862437093;-0.07523296746865071;0.6190829999999323;1000.0;72621;;0.7083221960578941;2025-01-02;BRSTNCLTN7N2;2024-02-06
317;1;0.0974545970085076;837.979664;1.7211900000000924;479;0;1.9007936507936507;1.73200211267494;-0.14513825484266363;1.276707999999985;1000.0;1952440;;2.2890153093605816;2026-01-02;BRSTNCLTN7U7;2024-02-06
318;2;0.10683930484419611;961.293486;0.13658600000007937;98;0;0.3888888888888889;0.3513508139281069;-0.03377512487298873;0.41254400000002533;1000.0;19823;;0.22044178588337235;2024-07-01;BRSTNCLTN7W3;2024-02-06
319;3;0.1139150712688518;985.128235;0.06842500000004748;35;0;0.1388888888888889;0.12468534893266701;-0.01228310577243974;0.4066770000000588;1000.0;5484815;;0.06374038991091939;2024-04-01;BRSTNCLTN7Y9;2024-02-06
320;4;0.09774144625439259;878.841646;0.8447949999999764;349;0;1.3849206349206349;1.2616091477113878;-0.11087546599833331;0.980544000000009;1000.0;0;;1.3704673859729104;2025-07-01;BRSTNCLTN7Z6;2024-02-06
321;5;0.10244948599733468;938.497732;0.11152600000002622;164;0;0.6507936507936508;0.5903160761245662;-0.05540102986060447;0.4949940000000197;1000.0;0;;0.44196583917324794;2024-10-01;BRSTNCLTN822;2024-02-06
322;6;0.09853918141429586;898.159888;1.0550210000000106;288;0;1.1428571428571428;1.040342641262479;-0.09343940301579323;0.7898310000000492;1000.0;332074;;1.0146682665901277;2025-04-01;BRSTNCLTN830;2024-02-06
323;7;0.09845633508696297;799.348683;1.7530269999999746;601;0;2.384920634920635;2.1711565654996163;-0.17355111412189217;1.5997560000000703;1000.0;374765;;3.3452365798910675;2026-07-01;BRSTNCLTN848;2024-02-06
324;8;0.09755355995136075;857.878716;1.321647999999982;415;0;1.6468253968253967;1.5004510749534097;-0.1287205041601851;1.1805290000000923;1000.0;1608722;;1.809220116243913;2025-10-01;BRSTNCLTN863;2024-02-06
325;9;0.10071997223304906;723.199222;2.1748629999999594;851;0;3.376984126984127;3.067977616028435;-0.22187590250251787;2.0442489999999225;1000.0;1197070;;6.099866215830584;2027-07-01;BRSTNCLTN871;2024-02-06
326;10;0.09797467869522068;818.495785;0.33550099999990834;540;0;2.142857142857143;1.9516453548822803;-0.15974134967859754;1.5759069999999156;1000.0;743855;;2.7932076206536602;2026-04-01;BRSTNCLTN8B5;2024-02-06
327;11;0.10218441944747277;685.244446;2.1966939999999795;979;0;3.884920634920635;3.5247466028309833;-0.24153130331472994;2.201276000000007;1000.0;772039;;7.810901193345926;2028-01-03;BRSTNCLTN897;2024-02-06
328;12;0.10584532523008824;554.722443;1.318175999999994;1476;0;5.857142857142857;5.296530313538451;-0.29381042349496056;2.322441000000026;1000.0;1205770;;16.421403259446954;2030-01-02;BRSTNCLTN8A7;2024-02-06
329;0;0.09948728663907554;918.458572;0.9106179999999995;226;0;0.8968253968253969;0.8156760105532409;-0.07491646238673866;0.2684990000000198;1000.0;1711194;;0.7035983939811893;2025-01-02;BRSTNCLTN7N2;2024-02-07
330;1;0.09757631813193021;838.112622;1.8286689999999908;478;0;1.8968253968253967;1.728194563912814;-0.1448421677287115;0.13295800000003055;1000.0;1006873;;2.2806058210252607;2026-01-02;BRSTNCLTN7U7;2024-02-07
331;2;0.10676503776924977;961.705623;0.1045800000000554;97;0;0.38492063492063494;0.3477889375927218;-0.03344705769001166;0.41213699999991604;1000.0;14734;;0.21759816044166594;2024-07-01;BRSTNCLTN7W3;2024-02-07
332;3;0.11399363101324408;985.54068;0.17464299999994637;34;0;0.1349206349206349;0.12111436870305882;-0.01193631372893833;0.4124449999999342;1000.0;744734;;0.06169478681086597;2024-04-01;BRSTNCLTN7Y9;2024-02-07
333;4;0.09789877725361337;878.992953;0.7762829999999212;348;0;1.380952380952381;1.2578139487594062;-0.11056095971446211;0.151307000000088;1000.0;533988;;1.3638757768257501;2025-07-01;BRSTNCLTN7Z6;2024-02-07
334;5;0.10254207748946248;938.81004;0.1386529999999766;163;0;0.6468253968253969;0.586667315377672;-0.05507691658164049;0.3123079999999163;1000.0;776695;;0.43814139575283517;2024-10-01;BRSTNCLTN822;2024-02-07
335;6;0.09864984173316232;898.391843;0.962566000000038;287;0;1.1388888888888888;1.0366259168488328;-0.09312962679393877;0.23195499999997082;1000.0;471889;;1.0090693002906028;2025-04-01;BRSTNCLTN830;2024-02-07
336;7;0.09863694848888838;799.333645;2.3940959999999905;600;0;2.380952380952381;2.167187652798834;-0.17323060059106865;-0.015038000000004104;1000.0;2477054;;3.334658544316212;2026-07-01;BRSTNCLTN848;2024-02-07
337;8;0.0976945231460009;858.01461;0.8760409999999865;414;0;1.6428571428571428;1.4966433102497148;-0.1284141826153018;0.13589399999989382;1000.0;5240044;;1.8016918137399243;2025-10-01;BRSTNCLTN863;2024-02-07
338;9;0.10087832182787289;723.123727;2.5489900000000034;850;0;3.373015873015873;3.0639316944803014;-0.22156017061860211;-0.07549499999993259;1000.0;1010474;;6.08542361633095;2027-07-01;BRSTNCLTN871;2024-02-07
339;10;0.09820349285544526;818.434573;1.1347940000000563;539;0;2.138888888888889;1.9476253182866325;-0.15940038957359093;-0.06121199999995497;1000.0;4684;;2.7833545576314545;2026-04-01;BRSTNCLTN8B5;2024-02-07
340;11;0.10234771405428694;685.115047;0.012085000000070067;978;0;3.880952380952381;3.5206246488875226;-0.24120329217919334;-0.1293990000000349;1000.0;0;;7.79427435849106;2028-01-03;BRSTNCLTN897;2024-02-07
341;12;0.10593344218851573;554.685204;1.7655469999999696;1475;0;5.853174603174603;5.292520154549178;-0.2935682621600222;-0.03723899999999958;1000.0;1023950;;16.39816755807064;2030-01-02;BRSTNCLTN8A7;2024-02-07
342;0;0.09991036758549278;918.488754;0.6482620000000452;225;0;0.8928571428571429;0.8117544628219687;-0.07455873451112893;0.030181999999967957;1000.0;0;;0.6984820035623058;2025-01-02;BRSTNCLTN7N2;2024-02-08
343;1;0.09844976218243791;837.160847;2.4314660000000003;477;0;1.8928571428571428;1.7232077765389509;-0.14426020817643348;-0.9517749999999978;1000.0;1770796;;2.269104201063544;2026-01-02;BRSTNCLTN7U7;2024-02-08
344;2;0.1066222169942572;962.140131;0.361782000000062;96;0;0.38095238095238093;0.3442479075577846;-0.03312147268741228;0.43450800000005074;1000.0;2073569;;0.21479325125763418;2024-07-01;BRSTNCLTN7W3;2024-02-08
345;3;0.11405641051395357;985.955679;0.031141000000047825;33;0;0.13095238095238096;0.11754555706524618;-0.011589470952969805;0.41499900000007983;1000.0;0;;0.05966411615353312;2024-04-01;BRSTNCLTN7Y9;2024-02-08
346;4;0.09863192506834285;878.510888;1.1832180000000108;347;0;1.376984126984127;1.2533625783679396;-0.11010926717079883;-0.48206500000003416;1000.0;0;;1.3558785765560795;2025-07-01;BRSTNCLTN7Z6;2024-02-08
347;5;0.10268002929337486;939.098247;0.22596299999997882;162;0;0.6428571428571429;0.5829951841018723;-0.05474897553995106;0.2882070000000567;1000.0;776828;;0.4342954261292395;2024-10-01;BRSTNCLTN822;2024-02-08
348;6;0.09930860306094674;898.116111;1.0015090000000555;286;0;1.1349206349206349;1.032394945579725;-0.09272105335401193;-0.27573199999994813;1000.0;2674008;;1.002485222685276;2025-04-01;BRSTNCLTN830;2024-02-08
349;7;0.09954589312823961;798.061749;1.7335709999999835;599;0;2.376984126984127;2.1617871434894282;-0.1725239628698887;-1.2718960000000834;1000.0;2547994;;3.319698116796509;2026-07-01;BRSTNCLTN848;2024-02-08
350;8;0.09852731817450414;857.265868;1.5409499999999525;413;0;1.6388888888888888;1.4918963630124222;-0.12789518306038872;-0.7487419999999929;1000.0;1427000;;1.7919211662330403;2025-10-01;BRSTNCLTN863;2024-02-08
351;9;0.10173857746173633;721.498345;2.9700709999999617;849;0;3.369047619047619;3.057937514843004;-0.22062968560726404;-1.6253820000000587;1000.0;2829411;;6.063268903282519;2027-07-01;BRSTNCLTN871;2024-02-08
352;10;0.09901348994582287;817.451132;0.7181299999999737;538;0;2.134920634920635;1.9425791336179465;-0.15879635117755697;-0.9834409999999707;1000.0;0;;2.7705899316920477;2026-04-01;BRSTNCLTN8B5;2024-02-08
353;11;0.10312870281608906;683.500691;2.670763000000079;977;0;3.876984126984127;3.5145348582444793;-0.24021870041536886;-1.6143560000000434;1000.0;181918;;7.768962254168178;2028-01-03;BRSTNCLTN897;2024-02-08
354;12;0.10674009537777353;552.545364;2.779561000000058;1474;0;5.849206349206349;5.285077139117518;-0.2920244871601767;-2.1398400000000493;1000.0;2607206;;16.353696344265423;2030-01-02;BRSTNCLTN8A7;2024-02-08
355;0;0.09990841730402826;918.837357;1.5026870000000372;224;0;0.8888888888888888;0.808148098138889;-0.07425566625585134;0.34860300000002553;1000.0;23784;;0.6939223189761032;2025-01-02;BRSTNCLTN7N2;2024-02-09
356;1;0.09833996300005615;837.630993;2.1096979999999803;476;0;1.8888888888888888;1.7197670865724581;-0.1440530212454405;0.47014599999999973;1000.0;3000950;;2.2616931871311374;2026-01-02;BRSTNCLTN7U7;2024-02-09
357;2;0.10664247638048294;962.520378;0.40132900000003247;95;0;0.376984126984127;0.3406557553228632;-0.03278881063812378;0.38024700000005396;1000.0;1356239;;0.21193724837934058;2024-07-01;BRSTNCLTN7W3;2024-02-09
358;3;0.1141494181121283;986.367896;0.09885500000007141;32;0;0.12698412698412698;0.1139740553004301;-0.011242034912527288;0.41221699999994144;1000.0;877522;;0.05764350011613274;2024-04-01;BRSTNCLTN7Y9;2024-02-09
359;4;0.09857660595499726;878.899639;1.212440000000015;346;0;1.373015873015873;1.2498135139446973;-0.1098460646223316;0.38875099999995655;1000.0;469876;;1.3498500008698961;2025-07-01;BRSTNCLTN7Z6;2024-02-09
360;5;0.10261970008155488;939.495407;0.7676060000000007;161;0;0.6388888888888888;0.5794281497330375;-0.0544370085360697;0.3971599999999853;1000.0;2533992;;0.43061916763679065;2024-10-01;BRSTNCLTN822;2024-02-09
361;6;0.09922354561680288;898.532241;0.49626599999999144;285;0;1.130952380952381;1.0288647799686679;-0.0924468176431219;0.4161299999999528;1000.0;8620913;;0.9972775129593633;2025-04-01;BRSTNCLTN830;2024-02-09
362;7;0.09939490726251707;798.622547;3.5265949999999293;598;0;2.373015873015873;2.158474544158458;-0.17238064380904916;0.5607980000000907;1000.0;228374;;3.3111709035875725;2026-07-01;BRSTNCLTN848;2024-02-09
363;8;0.09847979556604357;857.646259;0.08315299999992476;412;0;1.6349206349206349;1.4883484094837411;-0.12764764454823307;0.38039100000003145;1000.0;1200786;;1.7850487212625725;2025-10-01;BRSTNCLTN863;2024-02-09
364;9;0.10167564419145354;721.914558;3.8154859999999644;848;0;3.365079365079365;3.0545101827835466;-0.22050953685106833;0.4162130000000843;1000.0;1504518;;6.051317975695312;2027-07-01;BRSTNCLTN871;2024-02-09
365;10;0.09890763229243597;817.925325;0.5163109999999733;537;0;2.130952380952381;1.9391551722786482;-0.15860841245114443;0.47419300000001385;1000.0;1719400;;2.7624717200316464;2026-04-01;BRSTNCLTN8B5;2024-02-09
366;11;0.1030757564090206;683.894078;1.3091700000001083;976;0;3.873015873015873;3.51110610702712;-0.24012246738254817;0.3933870000000752;1000.0;2323904;;7.755439936931466;2028-01-03;BRSTNCLTN897;2024-02-09
367;12;0.10684922846440652;552.449284;1.1669429999999466;1473;0;5.845238095238095;5.280970860255819;-0.2917468570573192;-0.09607999999991534;1000.0;2450000;;16.32991243366096;2030-01-02;BRSTNCLTN8A7;2024-02-09
368;0;0.10014967340901146;919.00626;0.6679090000000087;223;0;0.8849206349206349;0.8043638633309779;-0.07392154257189532;0.16890300000000025;1000.0;71986;;0.6890708001168071;2025-01-02;BRSTNCLTN7N2;2024-02-14
369;1;0.09899492167859993;837.001789;1.3537610000000768;475;0;1.8849206349206349;1.7151313685982226;-0.14355680238867308;-0.6292039999999588;1000.0;433200;;2.251155937206609;2026-01-02;BRSTNCLTN7U7;2024-02-14
370;2;0.10657902436731796;962.928086;0.0032820000000128857;94;0;0.373015873015873;0.3370892330837961;-0.03245926900245877;0.4077079999999569;1000.0;0;;0.2091259799969182;2024-07-01;BRSTNCLTN7W3;2024-02-14
371;3;0.11431583317408467;986.772943;0.05979700000000321;31;0;0.12301587301587301;0.11039587677695202;-0.010893566422225831;0.4050470000000814;1000.0;593916;;0.05562891664228541;2024-04-01;BRSTNCLTN7Y9;2024-02-14
372;4;0.0990499621304691;878.709208;0.8897180000000162;345;0;1.369047619047619;1.2456646024568492;-0.10945769562584928;-0.19043099999998958;1000.0;281107;;1.3425407867974908;2025-07-01;BRSTNCLTN7Z6;2024-02-14
373;5;0.10273461051298888;939.797493;0.22339900000008583;160;0;0.6349206349206349;0.5757692128430664;-0.05411064627764972;0.30208600000003116;1000.0;0;;0.42681935444886737;2024-10-01;BRSTNCLTN822;2024-02-14
374;6;0.09965648274847533;898.47081;0.5409089999999424;284;0;1.126984126984127;1.0248510830724777;-0.09207987827375064;-0.06143099999997048;1000.0;2196428;;0.9911467882863775;2025-04-01;BRSTNCLTN830;2024-02-14
375;7;0.10013054512745562;797.657884;1.3958550000000969;597;0;2.369047619047619;2.1534241346042435;-0.1717695738562952;-0.9646630000000869;1000.0;4845104;;3.297330687199719;2026-07-01;BRSTNCLTN848;2024-02-14
376;8;0.09900178752896632;857.301461;0.08315299999992476;411;0;1.630952380952381;1.4840307094947387;-0.1272261695418706;-0.34479799999996885;1000.0;0;;1.7763456831266886;2025-10-01;BRSTNCLTN863;2024-02-14
377;9;0.1024277653884284;720.537295;2.4119349999999713;847;0;3.361111111111111;3.048826711748097;-0.21967933518067184;-1.3772630000000845;1000.0;1779215;;6.030450396040723;2027-07-01;BRSTNCLTN871;2024-02-14
378;10;0.09963246850408276;817.084752;0.4127200000000357;536;0;2.126984126984127;1.9342682448601178;-0.15804610891530047;-0.8405730000000631;1000.0;303400;;2.750203476146928;2026-04-01;BRSTNCLTN8B5;2024-02-14
379;11;0.1039098085086018;682.162572;1.461037000000033;975;0;3.869047619047619;3.504858585768023;-0.2390883347363797;-1.7315060000000813;1000.0;3071788;;7.7294915896367735;2028-01-03;BRSTNCLTN897;2024-02-14
380;12;0.10758282891620392;550.537059;3.2763139999999566;1472;0;5.841269841269841;5.273890235955363;-0.2903472019991682;-1.912225000000035;1000.0;6798875;;16.2877684533341;2030-01-02;BRSTNCLTN8A7;2024-02-14
381;0;0.09989150807047087;919.544502;0.07024899999998979;222;0;0.8809523809523809;0.8009448032521109;-0.07365043902359503;0.5382419999999684;1000.0;478;;0.684858031274824;2025-01-02;BRSTNCLTN7N2;2024-02-15
382;1;0.09875382485481012;837.660999;1.2858280000000377;474;0;1.880952380952381;1.711896120372685;-0.14339886143756075;0.6592099999999164;1000.0;318411;;2.244311287416465;2026-01-02;BRSTNCLTN7U7;2024-02-15
383;2;0.10652796446982539;963.331548;0.0;93;0;0.36904761904761907;0.33351856665832724;-0.03212889571057076;0.40346199999999044;1000.0;1724;;0.206322296299533;2024-07-01;BRSTNCLTN7W3;2024-02-15
384;3;0.11443629452837652;987.184175;0.04592400000001362;30;0;0.11904761904761904;0.10682317150955599;-0.010545414443754453;0.4112319999999272;1000.0;759360;;0.0536326024036055;2024-04-01;BRSTNCLTN7Y9;2024-02-15
385;4;0.09885922678586603;879.246888;0.5258049999999912;344;0;1.3650793650793651;1.2422695708718372;-0.10922616542461583;0.537680000000023;1000.0;90112;;1.3368710325877626;2025-07-01;BRSTNCLTN7Z6;2024-02-15
386;5;0.1025092483495914;940.283519;0.24648000000001957;159;0;0.6309523809523809;0.5722876117437683;-0.05381126094505362;0.48602599999992435;1000.0;45812;;0.42329525362155696;2024-10-01;BRSTNCLTN822;2024-02-15
387;6;0.09945098141778648;898.998243;0.6081110000000081;283;0;1.123015873015873;1.0214333356370868;-0.09182667740793704;0.5274329999999736;1000.0;630250;;0.9861827513702032;2025-04-01;BRSTNCLTN830;2024-02-15
388;7;0.09991243895836378;798.334282;1.1345499999999902;596;0;2.365079365079365;2.1502433550092124;-0.17166129849465506;0.6763980000000629;1000.0;1004088;;3.289234333840193;2026-07-01;BRSTNCLTN848;2024-02-15
389;8;0.09881991656626916;857.853638;0.649236999999971;410;0;1.626984126984127;1.4806649605498874;-0.12701938230668475;0.5521770000000288;1000.0;1002500;;1.7699366787482762;2025-10-01;BRSTNCLTN863;2024-02-15
390;9;0.10227171294907947;721.158819;1.760063999999943;846;0;3.357142857142857;3.0456582757287767;-0.2196403325202141;0.6215240000000222;1000.0;373330;;6.019553954600285;2027-07-01;BRSTNCLTN871;2024-02-15
391;10;0.09934724868891505;817.84305;0.4127200000000357;535;0;2.123015873015873;1.9311604347688516;-0.15793861400106834;0.7582979999999679;1000.0;0;;2.7430116787428918;2026-04-01;BRSTNCLTN8B5;2024-02-15
392;11;0.1037847823786748;682.729049;1.6164999999999736;974;0;3.865079365079365;3.5016604483539506;-0.23906853078256063;0.5664770000000772;1000.0;6536572;;7.717018792520246;2028-01-03;BRSTNCLTN897;2024-02-15
393;12;0.10758288126543492;550.760182;2.066412000000014;1471;0;5.837301587301587;5.2703071805745445;-0.2902675341969143;0.22312299999998686;1000.0;1663454;;16.267260584001573;2030-01-02;BRSTNCLTN8A7;2024-02-15
394;0;0.10030063929674099;919.592015;0.45708700000000135;221;0;0.876984126984127;0.7970404652902013;-0.07329520475127538;0.04751299999998082;1000.0;27210;;0.6798288876628803;2025-01-02;BRSTNCLTN7N2;2024-02-16
395;1;0.09952306056028953;836.874054;1.448172999999997;473;0;1.876984126984127;1.7070893946682846;-0.14286188222564533;-0.786944999999946;1000.0;663912;;2.2333633926220267;2026-01-02;BRSTNCLTN7U7;2024-02-16
396;2;0.10653585616897138;963.716082;0.0;92;0;0.36507936507936506;0.3299299924603956;-0.0317958839668222;0.3845340000000306;1000.0;77;;0.20350927954136558;2024-07-01;BRSTNCLTN7W3;2024-02-16
397;3;0.11452701226957539;987.59946;0.0857819999999947;29;0;0.11507936507936507;0.10325399400572674;-0.010197358872289897;0.4152850000000399;1000.0;1202004;;0.051652565491987525;2024-04-01;BRSTNCLTN7Y9;2024-02-16
398;4;0.09945800386958434;878.923929;0.4642829999999094;343;0;1.3611111111111112;1.2379837349383398;-0.10880935283501003;-0.3229589999999689;1000.0;1154200;;1.329299125300322;2025-07-01;BRSTNCLTN7Z6;2024-02-16
399;5;0.10266253226344645;940.565733;0.06733300000007603;158;0;0.626984126984127;0.5686092637698117;-0.05348143889682433;0.28221400000006724;1000.0;2156000;;0.41949292976918806;2024-10-01;BRSTNCLTN822;2024-02-16
400;6;0.09992209986838874;898.90549;0.9280880000000025;282;0;1.119047619047619;1.0173880763083707;-0.09145357272541332;-0.09275300000001607;1000.0;8466818;;0.98002113579451;2025-04-01;BRSTNCLTN830;2024-02-16
401;7;0.10067212974394577;797.33514;2.163214999999923;595;0;2.361111111111111;2.145153942707577;-0.1710406619230298;-0.9991420000000062;1000.0;924754;;3.2753171839831086;2026-07-01;BRSTNCLTN848;2024-02-16
402;8;0.09952842197764568;857.277176;0.649236999999971;409;0;1.623015873015873;1.4761018104392316;-0.12654283915418318;-0.5764619999999923;1000.0;0;;1.7606813801761327;2025-10-01;BRSTNCLTN863;2024-02-16
403;9;0.10280956035006468;720.258393;1.362965000000031;845;0;3.3531746031746033;3.040574575001552;-0.21899993571872756;-0.9004260000000386;1000.0;1123582;;6.001104994892648;2027-07-01;BRSTNCLTN871;2024-02-16
404;10;0.10016027563926674;816.869814;0.26070199999992383;534;0;2.119047619047619;1.9261263140330642;-0.15733944438846947;-0.9732359999999289;1000.0;0;;2.7303656598270045;2026-04-01;BRSTNCLTN8B5;2024-02-16
405;11;0.10421137847918037;681.978373;1.1961860000000115;973;0;3.861111111111111;3.4967138871624686;-0.2384683247613566;-0.7506759999999986;1000.0;14300228;;7.696857109063725;2028-01-03;BRSTNCLTN897;2024-02-16
406;12;0.10779909564600847;550.356538;2.194979999999987;1470;0;5.833333333333333;5.265696442844252;-0.28980104644426774;-0.4036439999999857;1000.0;10358868;;16.240425840791232;2030-01-02;BRSTNCLTN8A7;2024-02-16
