;index;yield;price;bidask spread;du;coupon;duration;modified duration;dv01;pnl;vna;volume;open interest;convexity;maturity;bond code;reference date
0;0;0.07364694437738968;3828.796995;12.185083000000304;5100;0;14.793085510211542;10.50082852163434;-4.020554068864385;17.98536200000035;4387.858425;32744;;82.91196555640626;2045-05-15;BRSTNCNTB0A6;2025-01-02
1;1;0.0762533819054234;3945.98353;58.9377129999998;2594;0;8.39247194641684;7.066576401152356;-2.788459409243387;10.792055999999775;4387.858425;37927;;33.471204279211996;2035-05-15;BRSTNCNTB0O7;2025-01-02
2;2;0.07699685545572271;4172.875301;36.54208500000004;1404;0;4.8582416501260335;4.342052615785094;-1.811884411605206;13.160534999999982;4387.858425;0;;12.612057447451111;2030-08-15;BRSTNCNTB3B8;2025-01-02
3;3;0.07285779471964418;3994.280687;47.235295999999835;3913;0;11.779985223435984;9.082581008410562;-3.6278377910007293;13.779226000000108;4387.858425;8147;;59.39064282932406;2040-08-15;BRSTNCNTB3C6;2025-01-02
4;4;0.0743723866843546;3804.396114;86.13366099999985;6415;0;17.781310541925226;11.228749419985169;-4.271861065847133;13.530701000000136;4387.858425;52038;;102.64898094261463;2050-08-15;BRSTNCNTB3D4;2025-01-02
5;5;0.07406065541310976;3716.647721;20.412316999999803;7604;0;20.586621033224223;12.02669905385105;-4.469900362964836;19.021128999999746;4387.858425;15458;;121.36215456748707;2055-05-17;BRSTNCNTB4Q4;2025-01-02
6;6;0.07921702144383311;4366.862522;14.888003000000026;406;0;1.5323252291158789;1.4135665921419187;-0.6172850973575805;9.282301000000189;4387.858425;78036;;1.6938279659447177;2026-08-17;BRSTNCNTB4U6;2025-01-02
7;7;0.08008002026226843;4229.237342;27.555750999999873;906;0;3.2627954709251354;2.965478499263249;-1.2541712405982253;17.610640000000785;4387.858425;88573;;6.130573356521697;2028-08-15;BRSTNCNTB4X0;2025-01-02
8;8;0.046675991072741195;4445.374473;3.7998850000003586;89;0;0.3531746031746032;0.3374249604452244;-0.14999803057162353;4.035041000000092;4387.858425;0;;0.2181166139573871;2025-05-15;BRSTNCNTB633;2025-01-02
9;9;0.07696200756950945;4086.588065;28.622158000000127;1908;0;6.3736105745960225;5.5493278681537115;-2.267781703476885;13.225036999999702;4387.858425;141404;;20.566286768065776;2032-08-16;BRSTNCNTB674;2025-01-02
10;10;0.07914092741695328;4255.85848;23.46187900000041;591;0;2.217889461665526;2.0423223087255584;-0.8691834716482845;14.314640999999938;4387.858425;26511;;3.1146602036143647;2027-05-17;BRSTNCNTB682;2025-01-02
11;11;0.07394915082488539;3756.796626;97.51576599999999;8921;0;23.39704295813431;12.251335287844029;-4.6025775073367186;22.55444099999977;4387.858425;8075;;133.99066782278896;2060-08-16;BRSTNCNTB690;2025-01-02
12;12;0.0766855043477245;4000.792269;29.073949999999968;2095;0;6.982934528245239;6.054840388203168;-2.422415861515219;14.443366999999853;4387.858425;9970;;24.18739770495535;2033-05-16;BRSTNCNTB6B1;2025-01-02
13;13;0.07792379024434724;4155.108862;23.773416999999426;1090;0;3.909910206947997;3.551648629378035;-1.4757486694638828;18.604005000000143;4387.858425;9616;;8.463561776583868;2029-05-15;BRSTNCNTB716;2025-01-02
14;0;0.07363789651825135;3831.272122;40.980467999999746;5099;0;14.78911725624329;10.497635110845685;-4.021929674711146;2.475126999999702;4389.040119;0;;82.8773892692351;2045-05-15;BRSTNCNTB0A6;2025-01-03
15;1;0.07614425132504334;3951.242145;48.62178600000016;2593;0;8.38850369244859;7.064744867732766;-2.7914517665058156;5.258615000000191;4389.040119;99631;;33.4572444060326;2035-05-15;BRSTNCNTB0O7;2025-01-03
16;2;0.07694887855431404;4176.097059;30.587220999999772;1403;0;4.8542733961577795;4.338673551933777;-1.8118721860191727;3.2217579999996815;4389.040119;182826;;12.595876298383006;2030-08-15;BRSTNCNTB3B8;2025-01-03
17;3;0.07284776430621398;3996.835493;51.41321599999992;3912;0;11.776016969467731;9.079246188282879;-3.628825341501397;2.5548060000000987;4389.040119;75591;;59.35886926140067;2040-08-15;BRSTNCNTB3C6;2025-01-03
18;4;0.07424135506387253;3812.109573;40.77857200000017;6414;0;17.77734228795697;11.235438319320489;-4.283072197393267;7.713459000000057;4389.040119;64896;;102.74878553948065;2050-08-15;BRSTNCNTB3D4;2025-01-03
19;5;0.07391354329170959;3725.28997;46.932006;7603;0;20.58265277925597;12.037440824911863;-4.484295756951269;8.642248999999993;4389.040119;25928;;121.54201165612062;2055-05-17;BRSTNCNTB4Q4;2025-01-03
20;6;0.07783080626821808;4377.913902;7.46575699999994;405;0;1.528356975147625;1.4118134824456356;-0.6180797871829782;11.051379999999881;4389.040119;461282;;1.691425338606674;2026-08-17;BRSTNCNTB4U6;2025-01-03
21;7;0.07960272569197457;4237.657736;22.61672399999952;905;0;3.258827216956882;2.963458307474517;-1.2558122021982854;8.42039399999976;4389.040119;0;;6.12424253962591;2028-08-15;BRSTNCNTB4X0;2025-01-03
22;8;0.044573998648085485;4450.499847;6.021762999999737;88;0;0.3492063492063492;0.3343050385614981;-0.14878245229692766;5.125374000000193;4389.040119;812327;;0.21589972413642025;2025-05-15;BRSTNCNTB633;2025-01-03
23;9;0.07706425706650201;4086.573808;37.06743900000038;1907;0;6.3696423206277695;5.544586585573445;-2.265836231679259;-0.01425699999981589;4389.040119;128542;;20.53778003598513;2032-08-16;BRSTNCNTB674;2025-01-03
24;10;0.07799686610376004;4268.240567;16.406232000000273;590;0;2.2139212076972714;2.04099838312559;-0.8711472096038051;12.382086999999956;4389.040119;182259;;3.1123997937869627;2027-05-17;BRSTNCNTB682;2025-01-03
25;11;0.07373509048102339;3768.750246;68.60947600000009;8920;0;23.393074704166057;12.272901467033256;-4.625350042301534;11.953620000000228;4389.040119;62725;;134.38006454397623;2060-08-16;BRSTNCNTB690;2025-01-03
26;12;0.07645440309458411;4008.6464;22.78789599999982;2094;0;6.978966274276986;6.053861308020629;-2.4267789338496186;7.854131000000052;4389.040119;0;;24.180964768023752;2033-05-16;BRSTNCNTB6B1;2025-01-03
27;13;0.07755456049565942;4162.916772;83.69460600000002;1089;0;3.9059419529797434;3.549558902334705;-1.477651828773105;7.807909999999538;4389.040119;563657;;8.455690125313092;2029-05-15;BRSTNCNTB716;2025-01-03
28;0;0.07320471261795813;3850.870171;85.47323499999993;5098;0;14.785149002275032;10.51801679190269;-4.050351712201518;19.598049000000174;4390.222131;0;;83.12193829288795;2045-05-15;BRSTNCNTB0A6;2025-01-06
29;1;0.07564096896604741;3967.540324;53.6441249999998;2592;0;8.384535438480333;7.069615029601312;-2.804898270509966;16.29817899999989;4390.222131;383273;;33.49313921967931;2035-05-15;BRSTNCNTB0O7;2025-01-06
30;2;0.07671464988107557;4182.69633;38.43639400000029;1402;0;4.850305142189526;4.336479744883344;-1.81381779140429;6.599271000000044;4390.222131;472766;;12.585605053688319;2030-08-15;BRSTNCNTB3B8;2025-01-06
31;3;0.0722735443458486;4019.946406;22.368181999999706;3911;0;11.772048715499475;9.096388654326148;-3.656699487853757;23.110912999999982;4390.222131;66963;;59.52620081109367;2040-08-15;BRSTNCNTB3C6;2025-01-06
32;4;0.07370504588071297;3837.308775;85.06933499999968;6413;0;17.77337403398872;11.274309537244656;-4.326300691933511;25.199201999999786;4390.222131;123194;;103.29216962341957;2050-08-15;BRSTNCNTB3D4;2025-01-06
33;5;0.07345837673389163;3747.857999;49.01683000000003;7602;0;20.578684525287716;12.078507919666547;-4.526853252270712;22.568029000000024;4390.222131;26233;;122.19707150314588;2055-05-17;BRSTNCNTB4Q4;2025-01-06
34;6;0.07666992200297813;4387.566046;14.097002999999859;404;0;1.524388721179371;1.409742745598488;-0.6185339404182741;9.65214399999968;4390.222131;1099312;;1.6882862566743642;2026-08-17;BRSTNCNTB4U6;2025-01-06
35;7;0.07870168004873676;4251.416477;23.953053000000182;904;0;3.254858962988628;2.962905275498379;-1.259654430804403;13.758740999999645;4390.222131;1521445;;6.123468656536186;2028-08-15;BRSTNCNTB4X0;2025-01-06
36;8;0.04300481712560362;4454.780347;7.507278999999471;87;0;0.34523809523809523;0.3310033580268448;-0.14745472541289928;4.280499999999847;4390.222131;415988;;0.21345937679576912;2025-05-15;BRSTNCNTB633;2025-01-06
37;9;0.07650488658626392;4101.578196;53.61339300000009;1906;0;6.3656740666595155;5.5466819103046285;-2.2750149583453094;15.00438800000029;4390.222131;0;;20.550402821834336;2032-08-16;BRSTNCNTB674;2025-01-06
38;10;0.07690016027023523;4280.220725;16.998939999999493;589;0;2.2099529537290175;2.039574014480502;-0.8729826966950895;11.980158000000301;4390.222131;437445;;3.109846702791798;2027-05-17;BRSTNCNTB682;2025-01-06
39;11;0.07324377579884751;3793.683138;167.3552679999998;8919;0;23.389106450197804;12.327388962697915;-4.676620764335439;24.93289199999981;4390.222131;70280;;135.33919654593544;2060-08-16;BRSTNCNTB690;2025-01-06
40;12;0.0757277957719383;4028.581973;29.212537999999768;2093;0;6.974998020308731;6.05868569403769;-2.4407911967073233;19.93557299999975;4390.222131;165418;;24.212257645724222;2033-05-16;BRSTNCNTB6B1;2025-01-06
41;13;0.07708311207051273;4172.243211;21.460551999999552;1088;0;3.9019736990114895;3.547908290502038;-1.4802736278297743;9.326439000000391;4390.222131;766679;;8.44972741576401;2029-05-15;BRSTNCNTB716;2025-01-06
42;0;0.07326576481647448;3850.515173;40.76540699999987;5097;0;14.78118074830678;10.510924263439389;-4.047247335862721;-0.3549980000002506;4391.404461;0;;83.04113282922523;2045-05-15;BRSTNCNTB0A6;2025-01-07
43;1;0.07617437537703056;3954.832986;36.365220000000136;2591;0;8.380567184512078;7.056857903269632;-2.790869441336554;-12.707338000000163;4391.404461;171645;;33.397938250935525;2035-05-15;BRSTNCNTB0O7;2025-01-07
44;2;0.07744356711045729;4171.860586;32.64130900000055;1401;0;4.846336888221272;4.328158482821648;-1.8056473784445188;-10.835743999999977;4391.404461;639266;;12.544874185607972;2030-08-15;BRSTNCNTB3B8;2025-01-07
45;3;0.07237057754216501;4018.596179;11.364955000000009;3910;0;11.76808046153122;9.08916532047187;-3.6525685027147574;-1.3502269999999044;4391.404461;69200;;59.45656601373613;2040-08-15;BRSTNCNTB3C6;2025-01-07
46;4;0.07369507081833233;3839.857234;86.08909300000005;6412;0;17.76940578002046;11.271406430384157;-4.328059151906473;2.5484590000000935;4391.404461;152718;;103.25971750662592;2050-08-15;BRSTNCNTB3D4;2025-01-07
47;5;0.07341234694546109;3752.007188;14.267673000000286;7601;0;20.57471627131946;12.079345927603944;-4.5321792746708525;4.149189000000206;4391.404461;0;;122.22178625786579;2055-05-17;BRSTNCNTB4Q4;2025-01-07
48;6;0.07677737032864702;4389.37124;12.2027020000005;403;0;1.5204204672111168;1.4059081874706314;-0.6171052964164119;1.8051940000004834;4391.404461;1099420;;1.6810384799635396;2026-08-17;BRSTNCNTB4U6;2025-01-07
49;7;0.07893907537651555;4250.853169;17.117694999999912;903;0;3.2508907090203736;2.9584041958303633;-1.2575741851028397;-0.563307999999779;4391.404461;1174095;;6.107761124271057;2028-08-15;BRSTNCNTB4X0;2025-01-07
50;8;0.0416976146899996;4458.632471;2.5118839999995544;86;0;0.3412698412698413;0.3276093158928429;-0.14606895336419257;3.8521240000000034;4391.404461;436068;;0.2109117254630541;2025-05-15;BRSTNCNTB633;2025-01-07
51;9;0.07735354768913558;4084.63851;24.987091999999848;1905;0;6.3617058126912625;5.534231043887667;-2.2605333245101065;-16.939686000000165;4391.404461;160451;;20.475593078360298;2032-08-16;BRSTNCNTB674;2025-01-07
52;10;0.07698159760340918;4281.922356;20.033586999999898;588;0;2.2059846997607635;2.035721672583625;-0.8716802140429536;1.7016309999999066;4391.404461;499861;;3.1001331554576783;2027-05-17;BRSTNCNTB682;2025-01-07
53;11;0.0732208208126372;3796.843428;47.02754999999979;8918;0;23.38513819622955;12.32641683377568;-4.680147474610976;3.160290000000259;4391.404461;9812;;135.33906695773825;2060-08-16;BRSTNCNTB690;2025-01-07
54;12;0.07621632088516438;4018.934317;15.106431000000157;2092;0;6.971029766340476;6.049275733392357;-2.431164183792589;-9.647655999999643;4391.404461;224996;;24.151030986212305;2033-05-16;BRSTNCNTB6B1;2025-01-07
55;13;0.07757462161352235;4167.333048;14.214977000000545;1087;0;3.898005445043236;3.542107240596064;-1.4761140563296067;-4.910162999999557;4391.404461;1662407;;8.425781993721838;2029-05-15;BRSTNCNTB716;2025-01-07
56;0;0.07334579419073543;3849.395395;60.74069499999996;5096;0;14.777212494338526;10.502777784934585;-4.042934444003549;-1.1197779999997692;4392.58711;128241;;82.94789870959703;2045-05-15;BRSTNCNTB0A6;2025-01-08
57;1;0.07587614149483132;3965.38605;71.9600019999998;2590;0;8.376598930543825;7.058239049932791;-2.7988642666168744;10.553064000000177;4392.58711;344851;;33.407863275624464;2035-05-15;BRSTNCNTB0O7;2025-01-08
58;2;0.07746844793022693;4173.770383;19.64364899999964;1400;0;4.842368634253018;4.32431738036988;-1.8048707808879954;1.9097970000002533;4392.58711;1884817;;12.526446343156525;2030-08-15;BRSTNCNTB3B8;2025-01-08
59;3;0.07243057434531557;4018.602243;36.42772500000001;3909;0;11.764112207562968;9.083287258303399;-3.6502118550031355;0.006063999999696534;4392.58711;79725;;59.40005076444929;2040-08-15;BRSTNCNTB3C6;2025-01-08
60;4;0.0736230517318312;3845.095052;52.57048199999963;6411;0;17.765437526052214;11.27343504758399;-4.334742932050858;5.237818000000061;4392.58711;351878;;103.29526187383962;2050-08-15;BRSTNCNTB3D4;2025-01-08
61;5;0.0732792186959349;3760.116062;29.62800100000004;7600;0;20.57074801735121;12.08877244130754;-4.545518742642344;8.108874000000014;4392.58711;0;;122.38113088116583;2055-05-17;BRSTNCNTB4Q4;2025-01-08
62;6;0.07625233707837266;4395.077706;5.003155999999763;402;0;1.516452213242863;1.402948870448755;-0.6166069303167205;5.7064659999996366;4392.58711;1577086;;1.6758430946212282;2026-08-17;BRSTNCNTB4U6;2025-01-08
63;7;0.07864352014859206;4256.996731;12.58476200000041;902;0;3.2469224550521205;2.955749130752631;-1.2582614387270041;6.143562000000202;4392.58711;1728989;;6.099046478073795;2028-08-15;BRSTNCNTB4X0;2025-01-08
64;8;0.04236577867843614;4459.591633;2.727796999999555;85;0;0.3373015873015873;0.3235923471560369;-0.14430897238798934;0.9591620000001058;4392.58711;261474;;0.20757615828342318;2025-05-15;BRSTNCNTB633;2025-01-08
65;9;0.07755367752805938;4082.426534;19.45476800000006;1904;0;6.3577375587230085;5.528482550222397;-2.2569623855783902;-2.2119760000000497;4392.58711;586050;;20.44111680612072;2032-08-16;BRSTNCNTB674;2025-01-08
66;10;0.07664422605996395;4287.274834;13.95524899999964;587;0;2.20201644579251;2.0327297955362655;-0.8714871296724596;5.352477999999792;4392.58711;865612;;3.092969200114988;2027-05-17;BRSTNCNTB682;2025-01-08
67;11;0.07312478916617494;3803.431363;61.36004899999989;8917;0;23.381169942261298;12.334127031724593;-4.691200558768742;6.587935000000016;4392.58711;184124;;135.489205508926;2060-08-16;BRSTNCNTB690;2025-01-08
68;12;0.0760261638405719;4025.814871;9.85257300000012;2091;0;6.967061512372222;6.047814464155617;-2.434738140684658;6.880553999999847;4392.58711;247110;;24.14146944031167;2033-05-16;BRSTNCNTB6B1;2025-01-08
69;13;0.07748365633604372;4171.033801;17.732873999999356;1086;0;3.8940371910749816;3.538815987436077;-1.4760521099115067;3.7007529999991675;4392.58711;944898;;8.412729425885505;2029-05-15;BRSTNCNTB716;2025-01-08
70;0;0.073395815060339;3849.491808;38.4938189999998;5095;0;14.773244240370271;10.496300512922959;-4.040542283880313;0.09641300000021147;4393.770077;55675;;82.87446498345754;2045-05-15;BRSTNCNTB0A6;2025-01-09
71;1;0.07564798965914914;3973.998071;30.83108399999992;2589;0;8.37263067657557;7.058428100201892;-2.8050179654494514;8.612020999999913;4393.770077;607201;;33.408925562536574;2035-05-15;BRSTNCNTB0O7;2025-01-09
72;2;0.07749264971167681;4175.694086;21.801886999999624;1399;0;4.838400380284764;4.320480764641102;-1.8041005977588611;1.923703000000387;4393.770077;462916;;12.508055537881221;2030-08-15;BRSTNCNTB3B8;2025-01-09
73;3;0.0725787406275376;4015.396173;31.116679999999633;3908;0;11.760143953594714;9.074210476215796;-3.643655001919342;-3.206069999999727;4393.770077;99187;;59.31250227728139;2040-08-15;BRSTNCNTB3C6;2025-01-09
74;4;0.07358808058882294;3848.731686;128.0254020000002;6410;0;17.761469272083957;11.27251925269922;-4.338490202890853;3.636633999999958;4393.770077;68865;;103.29020376850782;2050-08-15;BRSTNCNTB3D4;2025-01-09
75;5;0.0733583567937153;3758.589099;33.74854800000003;7599;0;20.56677976338295;12.07727268561663;-4.539350546180913;-1.5269630000002508;4393.770077;51303;;122.212430084299;2055-05-17;BRSTNCNTB4Q4;2025-01-09
76;6;0.07727811919459739;4391.239265;7.491378000000623;401;0;1.512483959274609;1.3978475357981284;-0.6138282985680235;-3.838440999999875;4393.770077;1116513;;1.6656775122543612;2026-08-17;BRSTNCNTB4U6;2025-01-09
77;7;0.07870194640157072;4258.688009;19.64894000000004;901;0;3.2429542010838652;2.9518681587905724;-1.257108553199032;1.6912780000002385;4393.770077;1060196;;6.085711342846156;2028-08-15;BRSTNCNTB4X0;2025-01-09
78;8;0.0431921035301713;4460.348874;3.036095000000387;84;0;0.3333333333333333;0.31953207256279054;-0.14252245200623292;0.7572410000002492;4393.770077;492837;;0.20420147769626942;2025-05-15;BRSTNCNTB633;2025-01-09
79;9;0.0774126966240827;4087.919741;27.40833799999973;1903;0;6.3537693047547545;5.52625417088777;-2.2590883518955707;5.493206999999984;4393.770077;592112;;20.427773719256294;2032-08-16;BRSTNCNTB674;2025-01-09
80;10;0.07723439687549336;4284.554134;6.542324000000008;586;0;2.1980481918242556;2.0278345260132444;-0.8688366801497978;-2.7206999999998516;4393.770077;217439;;3.0802140055125;2027-05-17;BRSTNCNTB682;2025-01-09
81;11;0.07325987559605172;3799.191928;173.99329500000022;8916;0;23.377201688293045;12.31438567325362;-4.6784714648104;-4.239434999999958;4393.770077;114673;;135.16429504894123;2060-08-16;BRSTNCNTB690;2025-01-09
82;12;0.07584808151204277;4032.40885;17.28948500000024;2090;0;6.963093258403967;6.046210928837022;-2.4380794458409127;6.593978999999763;4393.770077;288102;;24.130985490360484;2033-05-16;BRSTNCNTB6B1;2025-01-09
83;13;0.077651167543234;4170.922452;19.69632999999976;1085;0;3.890068937106727;3.534413090925171;-1.4741762915582513;-0.11134899999979098;4393.770077;275973;;8.394881207182216;2029-05-15;BRSTNCNTB716;2025-01-09
84;0;0.07405018912590781;3824.653929;28.870449000000008;5094;0;14.769275986402018;10.456269731614672;-3.9991613111703828;-24.837879000000157;4394.209378;47534;;82.4046119993604;2045-05-15;BRSTNCNTB0A6;2025-01-10
85;1;0.07603533942542395;3964.701776;43.11670200000026;2588;0;8.368662422607319;7.048157625406515;-2.794384305497715;-9.2962950000001;4394.209378;468762;;33.33232110695625;2035-05-15;BRSTNCNTB0O7;2025-01-10
86;2;0.07803410369894485;4167.6;17.22201899999982;1398;0;4.83443212631651;4.313362950994675;-1.7976371434565408;-8.094086000000061;4394.209378;271770;;12.473422343974224;2030-08-15;BRSTNCNTB3B8;2025-01-10
87;3;0.07319303173892408;3994.621948;22.416637000000264;3907;0;11.756175699626459;9.048232830046086;-3.6144269453516245;-20.774225000000115;4394.209378;84242;;59.061092485471036;2040-08-15;BRSTNCNTB3C6;2025-01-10
88;4;0.07399724263748585;3832.51517;27.111349999999675;6409;0;17.757501018115697;11.236325057547017;-4.3063386238100065;-16.216515999999956;4394.209378;45312;;102.79921380237377;2050-08-15;BRSTNCNTB3D4;2025-01-10
89;5;0.07379550920114554;3740.263138;22.75267299999996;7598;0;20.562811509414693;12.030557149562714;-4.4997449436111765;-18.325961000000007;4394.209378;60828;;121.49252125543269;2055-05-17;BRSTNCNTB4Q4;2025-01-10
90;6;0.07821709695443288;4387.231373;10.57923000000028;400;0;1.5085157053063551;1.392874946432823;-0.6110864663655775;-4.007892000000538;4394.209378;840873;;1.6558374894521257;2026-08-17;BRSTNCNTB4U6;2025-01-10
91;7;0.07926985914079182;4253.269506;32.65206499999931;900;0;3.2389859471156113;2.946228495861452;-1.253110381915576;-5.418503000000783;4394.209378;203353;;6.065762998989235;2028-08-15;BRSTNCNTB4X0;2025-01-10
92;8;0.04280025687279751;4462.095518;1.9770639999997002;83;0;0.32936507936507936;0.315846758530779;-0.1409338405615017;1.7466439999998329;4394.209378;1237269;;0.20132122959462928;2025-05-15;BRSTNCNTB633;2025-01-10
93;9;0.07802605554143698;4075.717082;18.995658000000276;1902;0;6.349801050786499;5.516247502484902;-2.248266417441755;-12.20265900000004;4394.209378;504991;;20.367846005445394;2032-08-16;BRSTNCNTB674;2025-01-10
94;10;0.07781276022740383;4281.234254;14.726965000000746;585;0;2.194079937856002;2.022968715003345;-0.8660802957442684;-3.319880000000012;4394.209378;880172;;3.0675699253941104;2027-05-17;BRSTNCNTB682;2025-01-10
95;11;0.07378806938654087;3776.067156;27.938383000000158;8915;0;23.373233434324785;12.248166540175927;-4.624989939357647;-23.12477200000012;4394.209378;76165;;134.03684908999384;2060-08-16;BRSTNCNTB690;2025-01-10
96;12;0.07638052568818564;4021.031146;7.995392000000265;2089;0;6.959125004435715;6.036293312523058;-2.4272123416046725;-11.377703999999994;4394.209378;190732;;24.066587792076565;2033-05-16;BRSTNCNTB6B1;2025-01-10
97;13;0.07815577607043422;4165.152425;21.352123000000574;1084;0;3.8861006831384732;3.528564709025532;-1.4697009854567114;-5.770026999999573;4394.209378;351407;;8.370811814900897;2029-05-15;BRSTNCNTB716;2025-01-10
98;0;0.07460043333824451;3804.816289;27.888488999999936;5093;0;14.765307732433762;10.422074515728482;-3.965407888261552;-19.837640000000192;4395.349011;70627;;82.00447470384184;2045-05-15;BRSTNCNTB0A6;2025-01-13
99;1;0.07658766764628147;3951.489086;30.828978000000006;2587;0;8.364694168639062;7.0350905796892205;-2.779908364466337;-13.212689999999839;4395.349011;359344;;33.235088421519656;2035-05-15;BRSTNCNTB0O7;2025-01-13
100;2;0.07851459522264122;4161.301071;12.975069999999505;1397;0;4.830463872348256;4.306637361051344;-1.792121466295157;-6.2989290000004985;4395.349011;202306;;12.440781529061216;2030-08-15;BRSTNCNTB3B8;2025-01-13
101;3;0.07378941644007987;3975.303087;24.8425129999996;3906;0;11.752207445658204;9.022925673128873;-3.5868864282160757;-19.318861000000197;4395.349011;39808;;58.81662897617911;2040-08-15;BRSTNCNTB3C6;2025-01-13
102;4;0.07450657868741163;3812.758685;39.59330399999999;6408;0;17.753532764147447;11.192271570372945;-4.267343063481803;-19.75648500000034;4395.349011;43487;;102.20094569284707;2050-08-15;BRSTNCNTB3D4;2025-01-13
103;5;0.07419571116013605;3724.350635;17.44074499999988;7597;0;20.55884325544644;11.987599690866034;-4.464602452080271;-15.912503000000015;4395.349011;13879;;120.83256032354964;2055-05-17;BRSTNCNTB4Q4;2025-01-13
104;6;0.07811433810718435;4390.307545;5.845813999999336;399;0;1.5045474513381012;1.3893351653975206;-0.6099608659178557;3.0761720000000423;4395.349011;1564453;;1.649336525092403;2026-08-17;BRSTNCNTB4U6;2025-01-13
105;7;0.07940504860286782;4253.968214;17.695674999999937;899;0;3.2350176931473578;2.9420856383799685;-1.2515538788534286;0.6987080000008064;4395.349011;563367;;6.051479582199341;2028-08-15;BRSTNCNTB4X0;2025-01-13
106;8;0.0418286445084984;4465.349339;1.7097899999998845;82;0;0.3253968253968254;0.31233238657095835;-0.13946732159229214;3.2538210000002437;4395.349011;1026171;;0.19867197600924372;2025-05-15;BRSTNCNTB633;2025-01-13
107;9;0.07855451703431225;4066.132974;25.78409099999999;1901;0;6.345832796818246;5.507122920297145;-2.2392694098091397;-9.584108000000015;4395.349011;0;;20.313289373441247;2032-08-16;BRSTNCNTB674;2025-01-13
108;10;0.07763686530336748;4285.140029;9.713721000000078;584;0;2.1901116838877477;2.0196457131423693;-0.8654464689784618;3.905775000000176;4395.349011;361690;;3.0594725860881615;2027-05-17;BRSTNCNTB682;2025-01-13
109;11;0.07419738397887947;3759.262892;65.49509500000022;8914;0;23.36926518035653;12.196249292475041;-4.5848907386782685;-16.804263999999876;4395.349011;98377;;133.15835690318093;2060-08-16;BRSTNCNTB690;2025-01-13
110;12;0.07688377256729285;4011.059251;27.62002500000017;2088;0;6.95515675046746;6.026723537632252;-2.4173545198839292;-9.971894999999677;4395.349011;84647;;24.004537481658744;2033-05-16;BRSTNCNTB6B1;2025-01-13
111;13;0.07830097106265342;4165.344792;86.20597999999973;1083;0;3.8821324291702197;3.5242616704748255;-1.4679764994757534;0.19236699999964912;4395.349011;708742;;8.35344022093247;2029-05-15;BRSTNCNTB716;2025-01-13
112;0;0.07421531152642881;3822.21076;57.901758999999856;5092;0;14.761339478465509;10.439723290690546;-3.9902822693100006;17.394471000000067;4396.488939;16917;;82.21590060351676;2045-05-15;BRSTNCNTB0A6;2025-01-14
113;1;0.07621451345080517;3964.063476;29.619146;2586;0;8.360725914670807;7.037739527569838;-2.789804621484109;12.574389999999767;4396.488939;205762;;33.254385102114426;2035-05-15;BRSTNCNTB0O7;2025-01-14
114;2;0.0780692869817333;4171.617322;23.736643999999615;1396;0;4.826495618380002;4.305778052358869;-1.7962058307907682;10.316251000000193;4396.488939;147207;;12.43717764868286;2030-08-15;BRSTNCNTB3B8;2025-01-14
115;3;0.07373129258403047;3979.543513;52.37537300000031;3905;0;11.748239191689953;9.021335243381625;-3.5900796146397624;4.240426000000298;4396.488939;93361;;58.80193940546156;2040-08-15;BRSTNCNTB3C6;2025-01-14
116;4;0.07401829805973027;3835.769532;51.94451600000002;6407;0;17.749564510179194;11.227264979215654;-4.3065200934966015;23.010847000000012;4396.488939;71604;;102.68978663224414;2050-08-15;BRSTNCNTB3D4;2025-01-14
117;5;0.07379356749850571;3744.406096;54.129571999999825;7596;0;20.55487500147819;12.02335682287489;-4.502033058195593;20.055461000000378;4396.488939;90647;;121.40317158924262;2055-05-17;BRSTNCNTB4Q4;2025-01-14
118;6;0.07830591113417498;4391.59125;5.618712999999843;398;0;1.500579197369847;1.3853929773669902;-0.6084079677216323;1.2837050000007366;4396.488939;238880;;1.6419186168327102;2026-08-17;BRSTNCNTB4U6;2025-01-14
119;7;0.07904167033925182;4260.910013;17.687074999999822;898;0;3.2310494391791034;2.939661037841692;-1.2525631150965637;6.941798999999264;4396.488939;211380;;6.043674378701098;2028-08-15;BRSTNCNTB4X0;2025-01-14
120;8;0.040901601837364396;4468.51222;3.5215879999996105;81;0;0.32142857142857145;0.3087982306659819;-0.13798686672453186;3.162880999999288;4396.488939;437214;;0.19601027758343928;2025-05-15;BRSTNCNTB633;2025-01-14
121;9;0.077961178923184;4081.722313;29.44768299999987;1900;0;6.341864542849992;5.509553668341872;-2.248846814274202;15.589339000000109;4396.488939;421256;;20.327842662701265;2032-08-16;BRSTNCNTB674;2025-01-14
122;10;0.07741075309412448;4289.478398;6.670618999999533;583;0;2.1861434299194937;2.016423932425369;-0.8649406899348833;4.338369000000057;4396.488939;485282;;3.0516827706626755;2027-05-17;BRSTNCNTB682;2025-01-14
123;11;0.07382016452843876;3778.676727;37.496998000000076;8913;0;23.365296926388275;12.23698719095205;-4.623961870704761;19.413834999999835;4396.488939;43365;;133.87755263561212;2060-08-16;BRSTNCNTB690;2025-01-14
124;12;0.07652656814142024;4021.925667;17.089152000000013;2087;0;6.9511884964992054;6.027212929388463;-2.4241002381181715;10.866415999999845;4396.488939;195657;;24.007633205895388;2033-05-16;BRSTNCNTB6B1;2025-01-14
125;13;0.07787756926013953;4173.890307;22.28580199999942;1082;0;3.878164175201966;3.5223956268515693;-1.4702092964334952;8.545514999999796;4396.488939;585541;;8.346588362006877;2029-05-15;BRSTNCNTB716;2025-01-14
126;0;0.07382709967143206;3839.829482;48.67906300000004;5091;0;14.757371224497254;10.457563209357792;-4.015525952117059;17.61872200000016;4397.629163;99101;;82.4296637611635;2045-05-15;BRSTNCNTB0A6;2025-01-15
127;1;0.07584125335652842;3976.679304;50.42761300000029;2585;0;8.356757660702558;7.040389481882621;-2.79973711447019;12.615827999999965;4397.629163;356333;;33.27368569801032;2035-05-15;BRSTNCNTB0O7;2025-01-15
128;2;0.07744080750277041;4185.25006;23.39978400000018;1395;0;4.822527364411748;4.306077802024532;-1.8022012379287844;13.632738000000245;4397.629163;358817;;12.43930559615881;2030-08-15;BRSTNCNTB3B8;2025-01-15
129;3;0.07333116983732685;3996.103632;383.723884;3904;0;11.744270937721696;9.032134111895262;-3.6093343929255752;16.56011899999976;4397.629163;271609;;58.907147013943856;2040-08-15;BRSTNCNTB3C6;2025-01-15
130;4;0.07368214420784759;3852.375918;34.96115299999974;6406;0;17.745596256210945;11.250258202625535;-4.334022377107658;16.606386000000384;4397.629163;340818;;103.01382956680692;2050-08-15;BRSTNCNTB3D4;2025-01-15
131;5;0.07344437158208073;3762.215725;82.20557400000007;7595;0;20.550906747509938;12.054010280100753;-4.534978702510671;17.80962899999986;4397.629163;41192;;121.8943880405134;2055-05-17;BRSTNCNTB4Q4;2025-01-15
132;6;0.0785021653164558;4392.853337;6.121498999999858;397;0;1.4966109434015933;1.381445820215716;-0.6068488881219309;1.2620869999991555;4397.629163;1100711;;1.634504868172148;2026-08-17;BRSTNCNTB4U6;2025-01-15
133;7;0.0782537176239836;4273.180655;14.041629999999714;897;0;3.22708118521085;2.938697618542895;-1.2557585814452068;12.270642000000407;4397.629163;822917;;6.041369105349122;2028-08-15;BRSTNCNTB4X0;2025-01-15
134;8;0.04131358731806257;4469.820643;1.8689919999997073;80;0;0.31746031746031744;0.3048652421475882;-0.13626929526844833;1.3084230000004027;4397.629163;149361;;0.19285634375681798;2025-05-15;BRSTNCNTB633;2025-01-15
135;9;0.07730673717627506;4098.748694;33.97168499999998;1899;0;6.337896288881739;5.51261332677925;-2.2594816673663445;17.026380999999674;4397.629163;843142;;20.34615880446831;2032-08-16;BRSTNCNTB674;2025-01-15
136;10;0.07674591153614357;4297.609485;8.839234999999462;582;0;2.1821751759512398;2.0140938897170564;-0.8655789004128565;8.131086999999752;4397.629163;566987;;3.0465134742167397;2027-05-17;BRSTNCNTB682;2025-01-15
137;11;0.07340492605350195;3800.017745;94.03010600000016;8912;0;23.361328672420026;12.282395268637968;-4.667331997192832;21.341018000000076;4397.629163;134239;;134.67818206869092;2060-08-16;BRSTNCNTB690;2025-01-15
138;12;0.07611843509867967;4034.055171;43.91472599999997;2086;0;6.947220242530954;6.028296481824983;-2.431848059482718;12.129503999999997;4397.629163;571947;;24.01457166344535;2033-05-16;BRSTNCNTB6B1;2025-01-15
139;13;0.07727498870503297;4185.08295;32.37974300000042;1081;0;3.874195921233712;3.5212958541242396;-1.4736915241001043;11.192643000000317;4397.629163;740456;;8.343042316087555;2029-05-15;BRSTNCNTB716;2025-01-15
140;0;0.07432837357215857;3820.933341;31.83938900000021;5090;0;14.753402970528999;10.426068210987532;-3.9837311642902478;-18.89614100000017;4397.705628;42908;;82.06149250588838;2045-05-15;BRSTNCNTB0A6;2025-01-16
141;1;0.07647367668912414;3960.252656;53.24302200000011;2584;0;8.352789406734301;7.025966925061171;-2.782460417594166;-16.42664799999966;4397.705628;345424;;33.16653273447207;2035-05-15;BRSTNCNTB0O7;2025-01-16
142;2;0.07788028302519312;4178.65591;20.79235299999982;1394;0;4.818559110443494;4.299612396673744;-1.7966600752070008;-6.5941499999999;4397.705628;265276;;12.407998565983373;2030-08-15;BRSTNCNTB3B8;2025-01-16
143;3;0.07376537795095565;3981.669482;384.17097800000056;3903;0;11.740302683753445;9.01270942652331;-3.5885630073721586;-14.434150000000045;4397.705628;322757;;58.71990924868676;2040-08-15;BRSTNCNTB3C6;2025-01-16
144;4;0.07418841189623933;3831.690129;83.12982899999997;6405;0;17.741628002242685;11.206387572092739;-4.293940464173602;-20.685789000000113;4397.705628;76982;;102.41798730605343;2050-08-15;BRSTNCNTB3D4;2025-01-16
145;5;0.07388764419340163;3743.32703;64.96290799999997;7594;0;20.54693849354168;12.006726901853359;-4.494510535353584;-18.888695000000098;4397.705628;28445;;121.16649010301629;2055-05-17;BRSTNCNTB4Q4;2025-01-16
146;6;0.07845249287490212;4394.548075;11.258127000000059;396;0;1.4926426894333396;1.3778338267844423;-0.6054956991165454;1.694738000000143;4397.705628;3353159;;1.6278780966466713;2026-08-17;BRSTNCNTB4U6;2025-01-16
147;7;0.07841030195112705;4272.568914;20.172276000000238;896;0;3.2231129312425955;2.9344782480519633;-1.2537760541436;-0.6117409999997108;4397.705628;978674;;6.026828860886655;2028-08-15;BRSTNCNTB4X0;2025-01-16
148;8;0.04205008452088021;4469.625705;2.6034419999996317;79;0;0.3134920634920635;0.300841648219498;-0.13446495640164358;-0.19493799999963812;4397.705628;1629628;;0.18960368907851882;2025-05-15;BRSTNCNTB633;2025-01-16
149;9;0.07784918204738984;4087.80371;27.0326970000001;1898;0;6.333928034913486;5.503344069764778;-2.249659030579096;-10.94498399999975;4397.705628;665719;;20.290775619662785;2032-08-16;BRSTNCNTB674;2025-01-16
150;10;0.07672494543024308;4299.126658;16.47380499999963;581;0;2.178206921982986;2.010451101555088;-0.8643183925300946;1.5171730000001844;4397.705628;2019230;;3.0375107701969783;2027-05-17;BRSTNCNTB682;2025-01-16
151;11;0.0739232535303389;3777.097012;34.79464700000017;8911;0;23.357360418451766;12.217437571985657;-4.6146446947443565;-22.920732999999927;4397.705628;0;;133.57407283174635;2060-08-16;BRSTNCNTB690;2025-01-16
152;12;0.07671373031557634;4020.861835;14.833460999999716;2085;0;6.943251988562699;6.017654514536401;-2.419615737371487;-13.193335999999817;4397.705628;64782;;23.945672473936693;2033-05-16;BRSTNCNTB6B1;2025-01-16
153;13;0.07758434285130099;4181.839849;22.10726599999998;1080;0;3.870227667265457;3.5162875655574575;-1.4704551462191375;-3.243101000000024;4397.705628;909430;;8.322665363401056;2029-05-15;BRSTNCNTB716;2025-01-16
154;0;0.07502774772999832;3794.380005;18.312365000000227;5089;0;14.74943471656075;10.383654451308216;-3.939953082887314;-26.553335999999945;4397.782096;175798;;81.56545832870452;2045-05-15;BRSTNCNTB0A6;2025-01-17
155;1;0.07731317753545593;3938.218264;33.968468999999914;2583;0;8.348821152766048;7.00804255596108;-2.759920118877517;-22.034392000000025;4397.782096;461228;;33.03369730240112;2035-05-15;BRSTNCNTB0O7;2025-01-17
156;2;0.07860201421166721;4167.039264;21.918546000000788;1393;0;4.81459085647524;4.291367353347958;-1.7882296257648704;-11.6166460000004;4397.782096;285837;;12.367959910295538;2030-08-15;BRSTNCNTB3B8;2025-01-17
157;3;0.0744728453952804;3957.594892;35.95626600000014;3902;0;11.736334429785186;8.983410103314034;-3.5552697937616813;-24.074589999999716;4397.782096;227487;;58.43761838161849;2040-08-15;BRSTNCNTB3C6;2025-01-17
158;4;0.07491076743707505;3802.032146;55.88701499999979;6404;0;17.73765974827443;11.145552235064137;-4.237574788263601;-29.65798300000006;4397.782096;81558;;101.59049719454323;2050-08-15;BRSTNCNTB3D4;2025-01-17
159;5;0.07472300706439854;3707.220362;49.602584000000206;7593;0;20.54297023957343;11.921274014011427;-4.419478976572464;-36.1066679999999;4397.782096;9428;;119.84468137086009;2055-05-17;BRSTNCNTB4Q4;2025-01-17
160;6;0.07828037948811778;4396.981699;11.196753000000172;395;0;1.4886744354650852;1.3743873096004846;-0.6043155847651178;2.4336240000002363;4397.782096;2071328;;1.6216447177757973;2026-08-17;BRSTNCNTB4U6;2025-01-17
161;7;0.07870155776377274;4270.277199;14.02452699999958;895;0;3.2191446772743415;2.929797108801592;-1.2511045791411561;-2.291715000000295;4397.782096;364845;;6.010574179961678;2028-08-15;BRSTNCNTB4X0;2025-01-17
162;8;0.040928598215385026;4471.924304;2.4392360000001645;78;0;0.30952380952380953;0.2973535471062463;-0.13297425541850316;2.29859899999974;4397.782096;392802;;0.18704046666347166;2025-05-15;BRSTNCNTB633;2025-01-17
163;9;0.07865482779409354;4071.026886;24.71113699999978;1897;0;6.329959780945231;5.49137438156557;-2.2355532748445057;-16.776824000000033;4397.782096;473334;;20.21937741702406;2032-08-16;BRSTNCNTB674;2025-01-17
164;10;0.07660511916175967;4301.497054;13.422030999999151;580;0;2.174238668014732;2.00700885231401;-0.8633142665580635;2.3703960000002553;4397.782096;1278009;;3.0291069832046906;2027-05-17;BRSTNCNTB682;2025-01-17
165;11;0.07474968997849496;3740.43681;50.95710199999985;8910;0;23.353392164483513;12.11672698143692;-4.532185161808684;-36.66020200000003;4397.782096;59224;;131.85783927697295;2060-08-16;BRSTNCNTB690;2025-01-17
166;12;0.07750933739576472;4002.92723;26.68574099999978;2084;0;6.939283734594446;6.004682955639747;-2.403630891064722;-17.934605000000374;4397.782096;152876;;23.861854949534994;2033-05-16;BRSTNCNTB6B1;2025-01-17
167;13;0.07814026751510904;4174.994852;72.6865429999998;1079;0;3.8662594132972035;3.510228016869565;-1.4655183899776603;-6.8449970000001485;4397.782096;170026;;8.297795425472525;2029-05-15;BRSTNCNTB716;2025-01-17
168;0;0.07552798421874102;3775.90461;59.84605999999985;5088;0;14.745466462592491;10.352315551137474;-3.908935601371468;-18.475394999999935;4397.858564;19733;;81.20050486122722;2045-05-15;BRSTNCNTB0A6;2025-01-20
169;1;0.0778016358622228;3926.003522;41.757666999999856;2582;0;8.344852898797795;6.996080590759474;-2.7466637039517536;-12.214742000000115;4397.858564;312950;;32.94509947248577;2035-05-15;BRSTNCNTB0O7;2025-01-20
170;2;0.07870011164477142;4166.610364;25.973751999999877;1392;0;4.810622602506986;4.28706867023242;-1.7862544752570102;-0.42889999999988504;4397.858564;491414;;12.3474209553808;2030-08-15;BRSTNCNTB3B8;2025-01-20
171;3;0.07490800413310432;3943.366268;36.12206800000013;3901;0;11.732366175816933;8.963981699252098;-3.5348263059800047;-14.228623999999854;4397.858564;242563;;58.25100469654908;2040-08-15;BRSTNCNTB3C6;2025-01-20
172;4;0.07538606595606395;3783.134689;51.56489199999987;6403;0;17.733691494306182;11.104379503588547;-4.200936329984643;-18.89745700000003;4397.858564;101531;;101.03411081198612;2050-08-15;BRSTNCNTB3D4;2025-01-20
173;5;0.07520729911802466;3687.045877;35.66663299999982;7592;0;20.539001985605175;11.87041346231796;-4.376675901452472;-20.174485000000004;4397.858564;48258;;119.06462815532826;2055-05-17;BRSTNCNTB4Q4;2025-01-20
174;6;0.07872125475496748;4395.716806;5.506118999999671;394;0;1.4847061814968312;1.3701117888294791;-0.6022623416256465;-1.2648929999995744;4397.858564;942184;;1.6135211045849904;2026-08-17;BRSTNCNTB4U6;2025-01-20
175;7;0.07874693455001369;4271.068301;45.38590000000022;894;0;3.2151764233060875;2.92596255716681;-1.2496985927828064;0.7911020000001372;4397.858564;326652;;5.997513897375985;2028-08-15;BRSTNCNTB4X0;2025-01-20
176;8;0.040687043381913396;4473.03116;1.61401399999977;77;0;0.3055555555555556;0.29360945628631147;-0.1313324246839329;1.1068560000003345;4397.858564;409347;;0.18416846619618266;2025-05-15;BRSTNCNTB633;2025-01-20
177;9;0.0788549507229139;4067.852053;29.127016999999796;1896;0;6.325991526976976;5.4856383873327115;-2.231476537592698;-3.174833000000035;4397.858564;332566;;20.185224427805945;2032-08-16;BRSTNCNTB674;2025-01-20
178;10;0.07664621096905895;4302.477807;4.666127999999844;579;0;2.170270414046478;2.003239678769466;-0.8618894260007437;0.9807529999998224;4397.858564;993432;;3.019761422882352;2027-05-17;BRSTNCNTB682;2025-01-20
179;11;0.07525690465072166;3718.710459;51.2267609999999;8909;0;23.349423910515263;12.05389489848417;-4.482494503067983;-21.72635100000025;4397.858564;21448;;130.79648823351704;2060-08-16;BRSTNCNTB690;2025-01-20
180;12;0.07789861941240411;3994.843203;24.095867;2083;0;6.935315480626191;5.996460321872913;-2.39549187588932;-8.084026999999878;4397.858564;37274;;23.808782931124934;2033-05-16;BRSTNCNTB6B1;2025-01-20
181;13;0.07828551050597711;4174.187875;9.024406000000454;1078;0;3.86229115932895;3.5059271833084997;-1.4634398739199241;-0.8069770000001881;4397.858564;193648;;8.280512595078907;2029-05-15;BRSTNCNTB716;2025-01-20
182;0;0.07616030675854113;3752.4677;68.19877899999983;5087;0;14.741498208624241;10.313735400723893;-3.8701958957562965;-23.436909999999898;4397.935034;29410;;80.75123089816631;2045-05-15;BRSTNCNTB0A6;2025-01-21
183;1;0.07858114359741533;3905.911654;49.630695999999716;2581;0;8.34088464482954;6.9791965453102645;-2.7260125121883902;-20.091867999999977;4397.935034;166201;;32.82038921840017;2035-05-15;BRSTNCNTB0O7;2025-01-21
184;2;0.07954115303314109;4152.956858;27.887305999999626;1391;0;4.806654348538732;4.2780837266593865;-1.7766697151728295;-13.653506000000561;4397.935034;431308;;12.303852292883306;2030-08-15;BRSTNCNTB3B8;2025-01-21
185;3;0.07553244211970886;3922.584225;60.437213000000156;3900;0;11.72839792184868;8.937728804461265;-3.5058994015707867;-20.782043000000158;4397.935034;101451;;57.99898262508876;2040-08-15;BRSTNCNTB3C6;2025-01-21
186;4;0.07591225999910654;3762.292687;59.32374600000003;6402;0;17.729723240337925;11.059304125198667;-4.160833903354387;-20.842001999999866;4397.935034;21259;;100.42532515227104;2050-08-15;BRSTNCNTB3D4;2025-01-21
187;5;0.07573058126049541;3665.388587;22.16998999999987;7591;0;20.535033731636922;11.815947847143727;-4.331004038350784;-21.657290000000103;4397.935034;15054;;118.2300530119953;2055-05-17;BRSTNCNTB4Q4;2025-01-21
188;6;0.07948728951010735;4392.516778;8.523197999999866;393;0;1.4807379275285775;1.3654024442404045;-0.5997553145048187;-3.200028000000202;4397.935034;366524;;1.604423070399531;2026-08-17;BRSTNCNTB4U6;2025-01-21
189;7;0.07968012435381853;4260.798623;18.928711999999905;893;0;3.2112081693378336;2.9190852526102105;-1.243763442474119;-10.269678000000567;4397.935034;868202;;5.973083964867153;2028-08-15;BRSTNCNTB4X0;2025-01-21
190;8;0.04188529579378366;4472.264534;2.374884999999267;76;0;0.30158730158730157;0.2894630572024118;-0.12945553646295593;-0.7666260000005423;4397.935034;206939;;0.18080754887640688;2025-05-15;BRSTNCNTB633;2025-01-21
191;9;0.07974478709383234;4049.363499;39.18560200000002;1895;0;6.322023273008723;5.472821091115718;-2.2161441962921344;-18.488554000000022;4397.935034;464645;;20.108998221318256;2032-08-16;BRSTNCNTB674;2025-01-21
192;10;0.07767641739463838;4294.961783;12.93432699999994;578;0;2.166302160078224;1.9974716412399773;-0.8579064361751989;-7.5160240000004706;4397.935034;1762298;;3.004610519785487;2027-05-17;BRSTNCNTB682;2025-01-21
193;11;0.07577227074289859;3696.873404;53.628420000000006;8908;0;23.345455656547017;11.990427909505414;-4.432709404122988;-21.837054999999964;4397.935034;0;;129.72663316015775;2060-08-16;BRSTNCNTB690;2025-01-21
194;12;0.07885045447952334;3973.393569;26.545935999999983;2082;0;6.9313472266579375;5.9816883757201555;-2.376760212384852;-21.44963400000006;4397.935034;0;;23.713656413820633;2033-05-16;BRSTNCNTB6B1;2025-01-21
195;13;0.07915460530858673;4162.825825;19.1310169999997;1077;0;3.858322905360695;3.4985419313412476;-1.4563820701632721;-11.362049999999726;4397.935034;1695592;;8.250025946354127;2029-05-15;BRSTNCNTB716;2025-01-21
196;0;0.07595319296163272;3761.654424;70.29781599999978;5086;0;14.737529954655985;10.321468665244948;-3.8825798266796028;9.186723999999685;4398.011505;74004;;80.84538428718403;2045-05-15;BRSTNCNTB0A6;2025-01-22
197;1;0.07830389298552184;3914.718418;50.417821;2580;0;8.336916390861283;6.980211251008505;-2.7325561545853816;8.80676399999993;4398.011505;551641;;32.82755585408644;2035-05-15;BRSTNCNTB0O7;2025-01-22
198;2;0.07932082165271451;4158.205529;16.38259300000027;1390;0;4.802686094570478;4.275796645030343;-1.7779641250244822;5.248671000000286;4398.011505;1721299;;12.293253545954002;2030-08-15;BRSTNCNTB3B8;2025-01-22
199;3;0.0752942817489247;3932.147738;61.323867000000064;3899;0;11.724429667880425;8.942640978297906;-3.5163785494560216;9.563513000000057;4398.011505;135371;;58.04705017240087;2040-08-15;BRSTNCNTB3C6;2025-01-22
200;4;0.07579720874897326;3768.242645;58.480359000000135;6401;0;17.72575498636967;11.064654595339157;-4.169430329835222;5.949957999999697;4398.011505;83241;;100.5063654582321;2050-08-15;BRSTNCNTB3D4;2025-01-22
201;5;0.07559251151110315;3672.502333;40.750988000000234;7590;0;20.531065477668665;11.82563651697664;-4.342967769780671;7.113745999999992;4398.011505;0;;118.39247569210953;2055-05-17;BRSTNCNTB4Q4;2025-01-22
202;6;0.07992206137618135;4391.326527;6.662988000000041;392;0;1.4767696735603233;1.3611435437203117;-0.5977225750593789;-1.1902509999999893;4398.011505;634917;;1.5963764737614914;2026-08-17;BRSTNCNTB4U6;2025-01-22
203;7;0.07972747998329353;4261.58079;21.396326000000045;892;0;3.207239915369579;2.915247823785342;-1.242356412393292;0.7821670000002996;4398.011505;820616;;5.960054553152305;2028-08-15;BRSTNCNTB4X0;2025-01-22
204;8;0.04045329525081995;4474.90194;0.7916420000001381;75;0;0.2976190476190476;0.2860474855954;-0.12800344482229775;2.637405999999828;4398.011505;583285;;0.1783744973788569;2025-05-15;BRSTNCNTB633;2025-01-22
205;9;0.07966368981395135;4052.464139;32.24552700000004;1894;0;6.318055019040468;5.46997823170255;-2.2166890625085216;3.100640000000112;4398.011505;781328;;20.092132990262506;2032-08-16;BRSTNCNTB674;2025-01-22
206;10;0.07787411936063676;4294.618652;7.89882900000066;577;0;2.1623339061099704;1.993390931885227;-0.8560853876801957;-0.34313099999963015;4398.011505;961812;;2.9943957795992895;2027-05-17;BRSTNCNTB682;2025-01-22
207;11;0.07564917412449909;3703.47313;93.35658999999987;8907;0;23.341487402578753;12.000987918782139;-4.444533629066427;6.599725999999919;4398.011505;231779;;129.9244736534787;2060-08-16;BRSTNCNTB690;2025-01-22
208;12;0.0787052632178031;3978.111356;23.850416000000223;2081;0;6.927378972689683;5.9797007677069125;-2.3787915529496786;4.717787000000044;4398.011505;213765;;23.700819353574243;2033-05-16;BRSTNCNTB6B1;2025-01-22
209;13;0.07898639823441592;4166.605731;14.231964999999946;1076;0;3.854354651392442;3.49558087031469;-1.4564707287427154;3.7799059999997553;4398.011505;957527;;8.238530363593343;2029-05-15;BRSTNCNTB716;2025-01-22
210;0;0.07629434917678626;3749.603099;24.668876000000182;5085;0;14.73356170068773;10.298973191846349;-3.8617061796664984;-12.051324999999906;4398.087978;155530;;80.58522472233275;2045-05-15;BRSTNCNTB0A6;2025-01-23
211;1;0.07887132023845984;3900.4971;24.87998400000015;2579;0;8.332948136893032;6.966927623855356;-2.717448099275771;-14.221317999999883;4398.087978;537126;;32.72954878488294;2035-05-15;BRSTNCNTB0O7;2025-01-23
212;2;0.07961322419286189;4154.345942;16.17616799999996;1389;0;4.798717840602224;4.2702780357637495;-1.7740212229086865;-3.8595869999999195;4398.087978;711264;;12.26679501432472;2030-08-15;BRSTNCNTB3B8;2025-01-23
213;3;0.07561549980270238;3922.078518;11.096375999999964;3898;0;11.720461413912169;8.927350767209063;-3.5013770666721484;-10.069220000000314;4398.087978;81743;;57.90079680346018;2040-08-15;BRSTNCNTB3C6;2025-01-23
214;4;0.07616048282937052;3754.304655;54.333978000000116;6400;0;17.721786732401416;11.03244585182262;-4.141916281753311;-13.9379899999999;4398.087978;485039;;100.07428036665112;2050-08-15;BRSTNCNTB3D4;2025-01-23
215;5;0.07598275596301415;3656.746268;39.68834599999991;7589;0;20.52709722370041;11.7841731137234;-4.309173105507398;-15.756065000000035;4398.087978;73319;;117.76097308487869;2055-05-17;BRSTNCNTB4Q4;2025-01-23
216;6;0.07992478839907002;4392.726708;6.012187000000267;391;0;1.4728014195920693;1.3574653241880623;-0.596297418474478;1.400180999999975;4398.087978;1635957;;1.5896720174017567;2026-08-17;BRSTNCNTB4U6;2025-01-23
217;7;0.0800171514936222;4259.359088;16.27732400000059;891;0;3.203271661401326;2.9105827144428207;-1.2397216936137738;-2.221701999999823;4398.087978;704186;;5.9439517353993025;2028-08-15;BRSTNCNTB4X0;2025-01-23
218;8;0.038454240760402394;4478.212344;2.95551499999965;74;0;0.29365079365079366;0.2827768268186902;-0.12663346764566086;3.310403999999835;4398.087978;476005;;0.17613412446378743;2025-05-15;BRSTNCNTB633;2025-01-23
219;9;0.08012699112970434;4043.518523;24.69966199999999;1893;0;6.314086765072216;5.461550244839639;-2.2083879579304266;-8.945615999999973;4398.087978;621816;;20.042132464007604;2032-08-16;BRSTNCNTB674;2025-01-23
220;10;0.0781132721491058;4293.92806;7.283233999999538;576;0;2.158365652141716;1.9892283605353598;-0.8541603475050579;-0.6905919999999242;4398.087978;736732;;2.9839602409914723;2027-05-17;BRSTNCNTB682;2025-01-23
221;11;0.07604637177565238;3687.031502;33.390284000000065;8906;0;23.337519148610493;11.951387870038007;-4.406514356945081;-16.441628000000037;4398.087978;74271;;129.09358219425854;2060-08-16;BRSTNCNTB690;2025-01-23
222;12;0.07922769168704005;3966.978598;16.884259999999813;2080;0;6.9234107187214295;5.9699416592401695;-2.3682630793514363;-11.13275799999974;4398.087978;37596;;23.63808947249297;2033-05-16;BRSTNCNTB6B1;2025-01-23
223;13;0.07938682896611506;4162.112965;8.888536000000386;1075;0;3.850386397424187;3.490199985693551;-1.4526606610897943;-4.492765999999392;4398.087978;560800;;8.21669224286142;2029-05-15;BRSTNCNTB716;2025-01-23
224;0;0.07604628208554727;3760.360235;31.473265000000083;5084;0;14.729593446719479;10.308959087040034;-3.876539981514725;10.757136000000173;4398.164452;0;;80.70569902499261;2045-05-15;BRSTNCNTB0A6;2025-01-24
225;1;0.07844999811645788;3913.209645;41.27237500000001;2578;0;8.328979882924775;6.970378386144007;-2.727655192995826;12.712544999999864;4398.164452;421892;;32.75461423670149;2035-05-15;BRSTNCNTB0O7;2025-01-24
226;2;0.0793661330719724;4160.065421;26.841996999999537;1388;0;4.79474958663397;4.2681580717496015;-1.7755816805647555;5.7194790000003195;4398.164452;780788;;12.25703345186825;2030-08-15;BRSTNCNTB3B8;2025-01-24
227;3;0.07531733744703721;3933.740276;21.661175000000185;3897;0;11.71649315994392;8.934427518985755;-3.5145717374437027;11.66175800000019;4398.164452;118700;;57.969635595336804;2040-08-15;BRSTNCNTB3C6;2025-01-24
228;4;0.07599842860294875;3762.185474;33.20173900000009;6399;0;17.71781847843316;11.041473807492808;-4.154007237010092;7.880818999999974;4398.164452;83103;;100.20548207001941;2050-08-15;BRSTNCNTB3D4;2025-01-24
229;5;0.07591173415208707;3660.93533;15.56070499999987;7588;0;20.523128969732156;11.787351299116152;-4.315273081805572;4.189061999999922;4398.164452;44446;;117.82227596110208;2055-05-17;BRSTNCNTB4Q4;2025-01-24
230;6;0.07929444570079718;4397.896163;11.048189000000093;390;0;1.4688331656238154;1.3546316393665567;-0.595752928904858;5.169455000000198;4398.164452;894363;;1.5849040890791608;2026-08-17;BRSTNCNTB4U6;2025-01-24
231;7;0.07960446841345721;4265.850072;12.40722199999982;890;0;3.1993034074330717;2.908317431639935;-1.2406446125160073;6.490984000000026;4398.164452;760078;;5.9368154555457;2028-08-15;BRSTNCNTB4X0;2025-01-24
232;8;0.03263361689959026;4486.259685;8.259753000000273;73;0;0.2896825396825397;0.28052790097254865;-0.12585210126508173;8.047341000000415;4398.164452;168677;;0.1751792386302235;2025-05-15;BRSTNCNTB633;2025-01-24
233;9;0.0798820132879152;4050.238856;34.96565899999996;1892;0;6.310118511103961;5.460388251545878;-2.211587666525702;6.720332999999755;4398.164452;289790;;20.03526623878573;2032-08-16;BRSTNCNTB674;2025-01-24
234;10;0.07739383766156765;4301.426824;17.944510999999693;575;0;2.154397398173462;1.9869928176016485;-0.854690420472707;7.498763999999937;4398.164452;898153;;2.979127269659564;2027-05-17;BRSTNCNTB682;2025-01-24
235;11;0.07591628793997997;3693.908369;103.35246599999982;8905;0;23.333550894642247;11.962715034142798;-4.41891731805822;6.876867000000402;4398.164452;5560;;129.3043210056512;2060-08-16;BRSTNCNTB690;2025-01-24
236;12;0.07895656620407589;3974.673993;18.345588999999563;2079;0;6.919442464753175;5.969418989587772;-2.3726494411234853;7.695394999999735;4398.164452;131381;;23.634674710905063;2033-05-16;BRSTNCNTB6B1;2025-01-24
237;13;0.07898965723972808;4169.218001;11.13175499999943;1074;0;3.846418143455934;3.4882114932909065;-1.454311414912354;7.105035999999927;4398.164452;810268;;8.209377841858789;2029-05-15;BRSTNCNTB716;2025-01-24
238;0;0.07608631388900083;3761.53634;22.729355000000396;5083;0;14.725625192751224;10.303064307744819;-3.8755350806939077;1.1761050000000068;4400.075263;24318;;80.64012607984955;2045-05-15;BRSTNCNTB0A6;2025-01-27
239;1;0.07854320985442413;3913.54134;46.419034999999894;2577;0;8.325011628956522;6.965121740087573;-2.7258291867965454;0.33169500000030894;4400.075263;537225;;32.715680084994595;2035-05-15;BRSTNCNTB0O7;2025-01-27
240;2;0.07947936084640708;4161.124775;19.479809000000387;1387;0;4.790781332665715;4.263769057786246;-1.7742075061232754;1.0593539999999848;4400.075263;716985;;12.236153043600185;2030-08-15;BRSTNCNTB3B8;2025-01-27
241;3;0.07539131127934527;3933.98409;26.416266000000178;3896;0;11.712524905975664;8.928066006410793;-3.5122869623689894;0.24381399999992937;4400.075263;335928;;57.90928406936219;2040-08-15;BRSTNCNTB3C6;2025-01-27
242;4;0.07603641909624159;3763.335971;53.662937000000056;6398;0;17.71385022446491;11.034804116910685;-4.152767526610887;1.1504970000000867;4400.075263;65131;;100.12235215009095;2050-08-15;BRSTNCNTB3D4;2025-01-27
243;5;0.07592465122544795;3663.031855;43.942825000000084;7587;0;20.519160715763906;11.782414006297929;-4.315935783386749;2.0965250000003834;4400.075263;38388;;117.75772869394721;2055-05-17;BRSTNCNTB4Q4;2025-01-27
244;6;0.07982525987424764;4397.985227;5.427429000000302;389;0;1.4648649116555619;1.3502485615928415;-0.5938373226663316;0.08906399999978021;4400.075263;2195445;;1.5766210616523633;2026-08-17;BRSTNCNTB4U6;2025-01-27
245;7;0.07973680828225194;4267.360192;8.814073999999891;889;0;3.195335153464818;2.9041902923950715;-1.2393226043759569;1.5101199999999153;4400.075263;691016;;5.922748344548785;2028-08-15;BRSTNCNTB4X0;2025-01-27
246;8;0.032382085927447214;4489.093185;3.3930430000000342;72;0;0.2857142857142857;0.2767524649291444;-0.12423676042453735;2.833499999999731;4400.075263;725682;;0.17233183069619892;2025-05-15;BRSTNCNTB633;2025-01-27
247;9;0.08002809234547253;4050.005275;20.161536999999953;1891;0;6.306150257135707;5.4552161431604524;-2.2093654156064986;-0.2335809999999583;4400.075263;372826;;20.00463324129847;2032-08-16;BRSTNCNTB674;2025-01-27
248;10;0.07782103786318041;4300.923967;6.9668140000003405;574;0;2.150429144205208;1.9824526935634017;-0.852637830319054;-0.5028570000004038;4400.075263;1350437;;2.9676251515986793;2027-05-17;BRSTNCNTB682;2025-01-27
249;11;0.0759173736466589;3696.538429;29.16233800000009;8904;0;23.329582640674;11.9589013765258;-4.420653850694862;2.6300599999999577;4400.075263;0;;129.25634979844915;2060-08-16;BRSTNCNTB690;2025-01-27
250;12;0.07901565158914017;3976.198412;9.136320000000069;2078;0;6.915474210784921;5.965053863817301;-2.371823770080482;1.5244190000003073;4400.075263;67636;;23.6066158054443;2033-05-16;BRSTNCNTB6B1;2025-01-27
251;13;0.0789294461526731;4173.163381;13.47620999999981;1073;0;3.8424498894876806;3.4847895156219404;-1.454259599708621;3.945380000000114;4400.075263;872739;;8.195943932645001;2029-05-15;BRSTNCNTB716;2025-01-27
